0 verbose cli C:\inf-toolset\scoop\apps\nodejs-lts\current\node.exe C:\inf-toolset\scoop\apps\nodejs-lts\current\node_modules\npm\bin\npm-cli.js
1 info using npm@11.6.2
2 info using node@v24.11.1
3 silly config load:file:C:\inf-toolset\scoop\apps\nodejs-lts\24.11.1\node_modules\npm\npmrc
4 silly config load:file:C:\Users\po51oro\Documents\GitHub\Fox-Heaven\fox heaven.v2\.npmrc
5 silly config load:file:C:\Users\po51oro\.npmrc
6 silly config load:file:D:\a\standard-toolset\standard-toolset\build\scoop\persist\nodejs-lts\bin\etc\npmrc
7 verbose config error loading global config Error: UNKNOWN: unknown error, open 'D:\a\standard-toolset\standard-toolset\build\scoop\persist\nodejs-lts\bin\etc\npmrc'
7 verbose config     at async open (node:internal/fs/promises:642:25)
7 verbose config     at async readFile (node:internal/fs/promises:1279:14)
7 verbose config     at async #loadFile (C:\inf-toolset\scoop\apps\nodejs-lts\24.11.1\node_modules\npm\node_modules\@npmcli\config\lib\index.js:635:5)
7 verbose config     at async Config.load (C:\inf-toolset\scoop\apps\nodejs-lts\24.11.1\node_modules\npm\node_modules\@npmcli\config\lib\index.js:262:5)
7 verbose config     at async #load (C:\inf-toolset\scoop\apps\nodejs-lts\24.11.1\node_modules\npm\lib\npm.js:99:5)
7 verbose config     at async Npm.load (C:\inf-toolset\scoop\apps\nodejs-lts\24.11.1\node_modules\npm\lib\npm.js:81:14)
7 verbose config     at async module.exports (C:\inf-toolset\scoop\apps\nodejs-lts\24.11.1\node_modules\npm\lib\cli\entry.js:35:37) {
7 verbose config   errno: -4094,
7 verbose config   code: 'UNKNOWN',
7 verbose config   syscall: 'open',
7 verbose config   path: 'D:\\a\\standard-toolset\\standard-toolset\\build\\scoop\\persist\\nodejs-lts\\bin\\etc\\npmrc'
7 verbose config }
8 verbose title npm install
9 verbose argv "install" "--cache" "./.npm-cache"
10 verbose logfile logs-max:10 dir:C:\Users\po51oro\Documents\GitHub\Fox-Heaven\fox heaven.v2\.npm-cache\_logs\2026-01-14T12_46_59_165Z-
11 verbose logfile C:\Users\po51oro\Documents\GitHub\Fox-Heaven\fox heaven.v2\.npm-cache\_logs\2026-01-14T12_46_59_165Z-debug-0.log
12 silly logfile done cleaning log files
13 silly packumentCache heap:4496293888 maxSize:1124073472 maxEntrySize:562036736
14 silly idealTree buildDeps
15 silly fetch manifest @react-three/drei@^9.105.0
16 silly packumentCache full:https://registry.npmjs.org/@react-three%2fdrei cache-miss
17 http fetch GET 200 https://registry.npmjs.org/npm 326ms
18 http fetch GET 200 https://registry.npmjs.org/@react-three%2fdrei 410ms (cache miss)
19 silly packumentCache full:https://registry.npmjs.org/@react-three%2fdrei set size:undefined disposed:false
20 silly fetch manifest @react-three/fiber@^8.16.0
21 silly packumentCache full:https://registry.npmjs.org/@react-three%2ffiber cache-miss
22 http fetch GET 200 https://registry.npmjs.org/@react-three%2ffiber 365ms (cache miss)
23 silly packumentCache full:https://registry.npmjs.org/@react-three%2ffiber set size:undefined disposed:false
24 silly fetch manifest expo@>=43.0
25 silly packumentCache full:https://registry.npmjs.org/expo cache-miss
26 http fetch GET 200 https://registry.npmjs.org/expo 336ms (cache miss)
27 silly packumentCache full:https://registry.npmjs.org/expo set size:undefined disposed:false
28 silly fetch manifest @expo/dom-webview@*
29 silly packumentCache full:https://registry.npmjs.org/@expo%2fdom-webview cache-miss
30 http fetch GET 200 https://registry.npmjs.org/@expo%2fdom-webview 448ms (cache miss)
31 silly packumentCache full:https://registry.npmjs.org/@expo%2fdom-webview set size:undefined disposed:false
32 silly fetch manifest react@^18.2.0
33 silly packumentCache full:https://registry.npmjs.org/react cache-miss
34 http fetch GET 200 https://registry.npmjs.org/react 285ms (cache miss)
35 silly packumentCache full:https://registry.npmjs.org/react set size:undefined disposed:false
36 silly fetch manifest react-native@*
37 silly packumentCache full:https://registry.npmjs.org/react-native cache-miss
38 http fetch GET 200 https://registry.npmjs.org/react-native 422ms (cache miss)
39 silly packumentCache full:https://registry.npmjs.org/react-native set size:undefined disposed:false
40 silly fetch manifest @types/react@^18.2.66
41 silly packumentCache full:https://registry.npmjs.org/@types%2freact cache-miss
42 http fetch GET 200 https://registry.npmjs.org/@types%2freact 187ms (cache miss)
43 silly packumentCache full:https://registry.npmjs.org/@types%2freact set size:undefined disposed:false
44 silly fetch manifest @types/react@^19.1.1
45 silly packumentCache full:https://registry.npmjs.org/@types%2freact cache-miss
46 http cache https://registry.npmjs.org/@types%2freact 14ms (cache hit)
47 silly packumentCache full:https://registry.npmjs.org/@types%2freact set size:2546526 disposed:false
48 silly fetch manifest react@^19.2.0
49 silly packumentCache full:https://registry.npmjs.org/react cache-miss
50 http cache https://registry.npmjs.org/react 12ms (cache hit)
51 silly packumentCache full:https://registry.npmjs.org/react set size:6378429 disposed:false
52 silly fetch manifest @expo/metro-runtime@*
53 silly packumentCache full:https://registry.npmjs.org/@expo%2fmetro-runtime cache-miss
54 http fetch GET 200 https://registry.npmjs.org/@expo%2fmetro-runtime 779ms (cache miss)
55 silly packumentCache full:https://registry.npmjs.org/@expo%2fmetro-runtime set size:undefined disposed:false
56 silly fetch manifest react-dom@^18.2.0
57 silly packumentCache full:https://registry.npmjs.org/react-dom cache-miss
58 http fetch GET 200 https://registry.npmjs.org/react-dom 362ms (cache miss)
59 silly packumentCache full:https://registry.npmjs.org/react-dom set size:undefined disposed:false
60 silly fetch manifest react-native-webview@*
61 silly packumentCache full:https://registry.npmjs.org/react-native-webview cache-miss
62 http fetch GET 200 https://registry.npmjs.org/react-native-webview 267ms (cache miss)
63 silly packumentCache full:https://registry.npmjs.org/react-native-webview set size:undefined disposed:false
64 silly fetch manifest expo-asset@>=8.4
65 silly packumentCache full:https://registry.npmjs.org/expo-asset cache-miss
66 http fetch GET 200 https://registry.npmjs.org/expo-asset 262ms (cache miss)
67 silly packumentCache full:https://registry.npmjs.org/expo-asset set size:undefined disposed:false
68 silly fetch manifest expo-file-system@>=11.0
69 silly packumentCache full:https://registry.npmjs.org/expo-file-system cache-miss
70 http fetch GET 200 https://registry.npmjs.org/expo-file-system 275ms (cache miss)
71 silly packumentCache full:https://registry.npmjs.org/expo-file-system set size:undefined disposed:false
72 silly fetch manifest expo-gl@>=11.0
73 silly packumentCache full:https://registry.npmjs.org/expo-gl cache-miss
74 http fetch GET 200 https://registry.npmjs.org/expo-gl 260ms (cache miss)
75 silly packumentCache full:https://registry.npmjs.org/expo-gl set size:undefined disposed:false
76 silly fetch manifest react-native-reanimated@*
77 silly packumentCache full:https://registry.npmjs.org/react-native-reanimated cache-miss
78 http fetch GET 200 https://registry.npmjs.org/react-native-reanimated 313ms (cache miss)
79 silly packumentCache full:https://registry.npmjs.org/react-native-reanimated set size:undefined disposed:false
80 silly fetch manifest react-native-worklets@>=0.7.0
81 silly packumentCache full:https://registry.npmjs.org/react-native-worklets cache-miss
82 http fetch GET 200 https://registry.npmjs.org/react-native-worklets 284ms (cache miss)
83 silly packumentCache full:https://registry.npmjs.org/react-native-worklets set size:undefined disposed:false
84 silly fetch manifest @babel/core@*
85 silly packumentCache full:https://registry.npmjs.org/@babel%2fcore cache-miss
86 http fetch GET 200 https://registry.npmjs.org/@babel%2fcore 433ms (cache miss)
87 silly packumentCache full:https://registry.npmjs.org/@babel%2fcore set size:undefined disposed:false
88 silly fetch manifest react-native-web@*
89 silly packumentCache full:https://registry.npmjs.org/react-native-web cache-miss
90 http fetch GET 200 https://registry.npmjs.org/react-native-web 274ms (cache miss)
91 silly packumentCache full:https://registry.npmjs.org/react-native-web set size:undefined disposed:false
92 silly fetch manifest three@^0.160.0
93 silly packumentCache full:https://registry.npmjs.org/three cache-miss
94 http fetch GET 200 https://registry.npmjs.org/three 85ms (cache miss)
95 silly packumentCache full:https://registry.npmjs.org/three set size:undefined disposed:false
96 silly fetch manifest framer-motion@^11.0.0
97 silly packumentCache full:https://registry.npmjs.org/framer-motion cache-miss
98 http fetch GET 200 https://registry.npmjs.org/framer-motion 253ms (cache miss)
99 silly packumentCache full:https://registry.npmjs.org/framer-motion set size:undefined disposed:false
100 silly fetch manifest @emotion/is-prop-valid@*
101 silly packumentCache full:https://registry.npmjs.org/@emotion%2fis-prop-valid cache-miss
102 http fetch GET 200 https://registry.npmjs.org/@emotion%2fis-prop-valid 413ms (cache miss)
103 silly packumentCache full:https://registry.npmjs.org/@emotion%2fis-prop-valid set size:undefined disposed:false
104 silly fetch manifest uuid@^9.0.1
105 silly packumentCache full:https://registry.npmjs.org/uuid cache-miss
106 http fetch GET 200 https://registry.npmjs.org/uuid 70ms (cache miss)
107 silly packumentCache full:https://registry.npmjs.org/uuid set size:undefined disposed:false
108 silly fetch manifest zustand@^4.5.0
109 silly packumentCache full:https://registry.npmjs.org/zustand cache-miss
110 http fetch GET 200 https://registry.npmjs.org/zustand 105ms (cache miss)
111 silly packumentCache full:https://registry.npmjs.org/zustand set size:undefined disposed:false
112 silly fetch manifest immer@>=9.0.6
113 silly packumentCache full:https://registry.npmjs.org/immer cache-miss
114 http fetch GET 200 https://registry.npmjs.org/immer 258ms (cache miss)
115 silly packumentCache full:https://registry.npmjs.org/immer set size:undefined disposed:false
116 silly fetch manifest @types/react-dom@^18.2.22
117 silly packumentCache full:https://registry.npmjs.org/@types%2freact-dom cache-miss
118 http fetch GET 200 https://registry.npmjs.org/@types%2freact-dom 97ms (cache miss)
119 silly packumentCache full:https://registry.npmjs.org/@types%2freact-dom set size:undefined disposed:false
120 silly fetch manifest @types/three@^0.160.0
121 silly packumentCache full:https://registry.npmjs.org/@types%2fthree cache-miss
122 http fetch GET 200 https://registry.npmjs.org/@types%2fthree 467ms (cache miss)
123 silly packumentCache full:https://registry.npmjs.org/@types%2fthree set size:undefined disposed:false
124 silly fetch manifest @types/uuid@^9.0.8
125 silly packumentCache full:https://registry.npmjs.org/@types%2fuuid cache-miss
126 http fetch GET 200 https://registry.npmjs.org/@types%2fuuid 264ms (cache miss)
127 silly packumentCache full:https://registry.npmjs.org/@types%2fuuid set size:undefined disposed:false
128 silly fetch manifest @vitejs/plugin-react@^4.2.1
129 silly packumentCache full:https://registry.npmjs.org/@vitejs%2fplugin-react cache-miss
130 http fetch GET 200 https://registry.npmjs.org/@vitejs%2fplugin-react 91ms (cache miss)
131 silly packumentCache full:https://registry.npmjs.org/@vitejs%2fplugin-react set size:undefined disposed:false
132 silly fetch manifest vite@^5.2.0
133 silly packumentCache full:https://registry.npmjs.org/vite cache-miss
134 http fetch GET 200 https://registry.npmjs.org/vite 1354ms (cache miss)
135 silly packumentCache full:https://registry.npmjs.org/vite set size:undefined disposed:false
136 silly fetch manifest @types/node@^18.0.0 || >=20.0.0
137 silly packumentCache full:https://registry.npmjs.org/@types%2fnode cache-miss
138 http fetch GET 200 https://registry.npmjs.org/@types%2fnode 341ms (cache miss)
139 silly packumentCache full:https://registry.npmjs.org/@types%2fnode set size:undefined disposed:false
140 silly fetch manifest less@*
141 silly packumentCache full:https://registry.npmjs.org/less cache-miss
142 http fetch GET 200 https://registry.npmjs.org/less 63ms (cache miss)
143 silly packumentCache full:https://registry.npmjs.org/less set size:undefined disposed:false
144 silly fetch manifest lightningcss@^1.21.0
145 silly packumentCache full:https://registry.npmjs.org/lightningcss cache-miss
146 http fetch GET 200 https://registry.npmjs.org/lightningcss 59ms (cache miss)
147 silly packumentCache full:https://registry.npmjs.org/lightningcss set size:undefined disposed:false
148 silly fetch manifest sass@*
149 silly packumentCache full:https://registry.npmjs.org/sass cache-miss
150 http fetch GET 200 https://registry.npmjs.org/sass 101ms (cache miss)
151 silly packumentCache full:https://registry.npmjs.org/sass set size:undefined disposed:false
152 silly fetch manifest sass-embedded@*
153 silly packumentCache full:https://registry.npmjs.org/sass-embedded cache-miss
154 http fetch GET 200 https://registry.npmjs.org/sass-embedded 58ms (cache miss)
155 silly packumentCache full:https://registry.npmjs.org/sass-embedded set size:undefined disposed:false
156 silly fetch manifest stylus@*
157 silly packumentCache full:https://registry.npmjs.org/stylus cache-miss
158 http fetch GET 200 https://registry.npmjs.org/stylus 60ms (cache miss)
159 silly packumentCache full:https://registry.npmjs.org/stylus set size:undefined disposed:false
160 silly fetch manifest sugarss@*
161 silly packumentCache full:https://registry.npmjs.org/sugarss cache-miss
162 http fetch GET 200 https://registry.npmjs.org/sugarss 55ms (cache miss)
163 silly packumentCache full:https://registry.npmjs.org/sugarss set size:undefined disposed:false
164 silly fetch manifest postcss@^8.3.3
165 silly packumentCache full:https://registry.npmjs.org/postcss cache-miss
166 http fetch GET 200 https://registry.npmjs.org/postcss 75ms (cache miss)
167 silly packumentCache full:https://registry.npmjs.org/postcss set size:undefined disposed:false
168 silly fetch manifest terser@^5.4.0
169 silly packumentCache full:https://registry.npmjs.org/terser cache-miss
170 http fetch GET 200 https://registry.npmjs.org/terser 94ms (cache miss)
171 silly packumentCache full:https://registry.npmjs.org/terser set size:undefined disposed:false
172 silly fetch manifest typescript@^5.2.2
173 silly packumentCache full:https://registry.npmjs.org/typescript cache-miss
174 http fetch GET 200 https://registry.npmjs.org/typescript 437ms (cache miss)
175 silly packumentCache full:https://registry.npmjs.org/typescript set size:undefined disposed:false
176 silly placeDep ROOT @react-three/drei@9.122.0 OK for: fox-heaven@0.0.0 want: ^9.105.0
177 silly placeDep ROOT react@18.3.1 OK for: @react-three/drei@9.122.0 want: ^18
178 silly placeDep ROOT three@0.160.1 OK for: @react-three/drei@9.122.0 want: >=0.137
179 silly placeDep ROOT @react-three/fiber@8.18.0 OK for: @react-three/drei@9.122.0 want: ^8
180 silly placeDep ROOT @types/react@18.3.27 OK for: fox-heaven@0.0.0 want: ^18.2.66
181 silly placeDep ROOT @types/react-dom@18.3.7 OK for: fox-heaven@0.0.0 want: ^18.2.22
182 silly placeDep ROOT @types/three@0.160.0 OK for: fox-heaven@0.0.0 want: ^0.160.0
183 silly placeDep ROOT @types/uuid@9.0.8 OK for: fox-heaven@0.0.0 want: ^9.0.8
184 silly placeDep ROOT @vitejs/plugin-react@4.7.0 OK for: fox-heaven@0.0.0 want: ^4.2.1
185 silly placeDep ROOT vite@5.4.21 OK for: @vitejs/plugin-react@4.7.0 want: ^4.2.0 || ^5.0.0 || ^6.0.0 || ^7.0.0
186 silly placeDep ROOT framer-motion@11.18.2 OK for: fox-heaven@0.0.0 want: ^11.0.0
187 silly placeDep ROOT react-dom@18.3.1 OK for: fox-heaven@0.0.0 want: ^18.2.0
188 silly placeDep ROOT typescript@5.9.3 OK for: fox-heaven@0.0.0 want: ^5.2.2
189 silly placeDep ROOT uuid@9.0.1 OK for: fox-heaven@0.0.0 want: ^9.0.1
190 silly placeDep ROOT zustand@4.5.7 OK for: fox-heaven@0.0.0 want: ^4.5.0
191 silly fetch manifest maath@^0.10.8
192 silly packumentCache full:https://registry.npmjs.org/maath cache-miss
193 silly fetch manifest hls.js@^1.5.17
194 silly packumentCache full:https://registry.npmjs.org/hls.js cache-miss
195 silly fetch manifest zustand@^5.0.1
196 silly packumentCache full:https://registry.npmjs.org/zustand cache-miss
197 silly fetch manifest meshline@^3.3.1
198 silly packumentCache full:https://registry.npmjs.org/meshline cache-miss
199 silly fetch manifest stats-gl@^2.2.8
200 silly packumentCache full:https://registry.npmjs.org/stats-gl cache-miss
201 silly fetch manifest stats.js@^0.17.0
202 silly packumentCache full:https://registry.npmjs.org/stats.js cache-miss
203 silly fetch manifest cross-env@^7.0.3
204 silly packumentCache full:https://registry.npmjs.org/cross-env cache-miss
205 silly fetch manifest detect-gpu@^5.0.56
206 silly packumentCache full:https://registry.npmjs.org/detect-gpu cache-miss
207 silly fetch manifest glsl-noise@^0.0.0
208 silly packumentCache full:https://registry.npmjs.org/glsl-noise cache-miss
209 silly fetch manifest tunnel-rat@^0.1.2
210 silly packumentCache full:https://registry.npmjs.org/tunnel-rat cache-miss
211 silly fetch manifest three-stdlib@^2.35.6
212 silly packumentCache full:https://registry.npmjs.org/three-stdlib cache-miss
213 silly fetch manifest suspend-react@^0.1.3
214 silly packumentCache full:https://registry.npmjs.org/suspend-react cache-miss
215 silly fetch manifest utility-types@^3.11.0
216 silly packumentCache full:https://registry.npmjs.org/utility-types cache-miss
217 silly fetch manifest @babel/runtime@^7.26.0
218 silly packumentCache full:https://registry.npmjs.org/@babel%2fruntime cache-miss
219 silly fetch manifest react-composer@^5.0.3
220 silly packumentCache full:https://registry.npmjs.org/react-composer cache-miss
221 silly fetch manifest three-mesh-bvh@^0.7.8
222 silly packumentCache full:https://registry.npmjs.org/three-mesh-bvh cache-miss
223 silly fetch manifest camera-controls@^2.9.0
224 silly packumentCache full:https://registry.npmjs.org/camera-controls cache-miss
225 silly fetch manifest troika-three-text@^0.52.0
226 silly packumentCache full:https://registry.npmjs.org/troika-three-text cache-miss
227 silly fetch manifest @use-gesture/react@^10.3.1
228 silly packumentCache full:https://registry.npmjs.org/@use-gesture%2freact cache-miss
229 http cache https://registry.npmjs.org/zustand 26ms (cache hit)
230 silly packumentCache full:https://registry.npmjs.org/zustand set size:493857 disposed:false
231 silly fetch manifest @react-spring/three@~9.7.5
232 silly packumentCache full:https://registry.npmjs.org/@react-spring%2fthree cache-miss
233 http fetch GET 200 https://registry.npmjs.org/@babel%2fruntime 226ms (cache miss)
234 silly packumentCache full:https://registry.npmjs.org/@babel%2fruntime set size:undefined disposed:false
235 silly fetch manifest @monogrid/gainmap-js@^3.0.6
236 silly packumentCache full:https://registry.npmjs.org/@monogrid%2fgainmap-js cache-miss
237 http fetch GET 200 https://registry.npmjs.org/maath 245ms (cache miss)
238 silly packumentCache full:https://registry.npmjs.org/maath set size:undefined disposed:false
239 silly fetch manifest @mediapipe/tasks-vision@0.10.17
240 silly packumentCache full:https://registry.npmjs.org/@mediapipe%2ftasks-vision cache-miss
241 http fetch GET 200 https://registry.npmjs.org/stats.js 318ms (cache miss)
242 silly packumentCache full:https://registry.npmjs.org/stats.js set size:undefined disposed:false
243 silly fetch manifest buffer@^6.0.3
244 silly packumentCache full:https://registry.npmjs.org/buffer cache-miss
245 http fetch GET 200 https://registry.npmjs.org/stats-gl 329ms (cache miss)
246 silly packumentCache full:https://registry.npmjs.org/stats-gl set size:undefined disposed:false
247 silly fetch manifest zustand@^3.7.1
248 silly packumentCache full:https://registry.npmjs.org/zustand cache-hit
249 silly fetch manifest its-fine@^1.0.6
250 silly packumentCache full:https://registry.npmjs.org/its-fine cache-miss
251 http fetch GET 200 https://registry.npmjs.org/utility-types 338ms (cache miss)
252 silly packumentCache full:https://registry.npmjs.org/utility-types set size:undefined disposed:false
253 silly fetch manifest base64-js@^1.5.1
254 silly packumentCache full:https://registry.npmjs.org/base64-js cache-miss
255 http fetch GET 200 https://registry.npmjs.org/glsl-noise 341ms (cache miss)
256 silly packumentCache full:https://registry.npmjs.org/glsl-noise set size:undefined disposed:false
257 silly fetch manifest scheduler@^0.21.0
258 silly packumentCache full:https://registry.npmjs.org/scheduler cache-miss
259 http fetch GET 200 https://registry.npmjs.org/react-composer 355ms (cache miss)
260 silly packumentCache full:https://registry.npmjs.org/react-composer set size:undefined disposed:false
261 silly fetch manifest @types/webxr@*
262 silly packumentCache full:https://registry.npmjs.org/@types%2fwebxr cache-miss
263 http fetch GET 200 https://registry.npmjs.org/cross-env 357ms (cache miss)
264 silly packumentCache full:https://registry.npmjs.org/cross-env set size:undefined disposed:false
265 silly fetch manifest suspend-react@^0.1.3
266 silly packumentCache full:https://registry.npmjs.org/suspend-react cache-miss
267 http fetch GET 200 https://registry.npmjs.org/suspend-react 362ms (cache miss)
268 silly packumentCache full:https://registry.npmjs.org/suspend-react set size:undefined disposed:false
269 silly fetch manifest @babel/runtime@^7.17.8
270 silly packumentCache full:https://registry.npmjs.org/@babel%2fruntime cache-miss
271 http fetch GET 200 https://registry.npmjs.org/meshline 375ms (cache miss)
272 silly packumentCache full:https://registry.npmjs.org/meshline set size:undefined disposed:false
273 silly fetch manifest react-reconciler@^0.27.0
274 silly packumentCache full:https://registry.npmjs.org/react-reconciler cache-miss
275 http cache https://registry.npmjs.org/@babel%2fruntime 20ms (cache hit)
276 silly packumentCache full:https://registry.npmjs.org/@babel%2fruntime set size:3289397 disposed:false
277 silly fetch manifest react-use-measure@^2.1.7
278 silly packumentCache full:https://registry.npmjs.org/react-use-measure cache-miss
279 http fetch GET 200 https://registry.npmjs.org/tunnel-rat 396ms (cache miss)
280 silly packumentCache full:https://registry.npmjs.org/tunnel-rat set size:undefined disposed:false
281 silly fetch manifest @types/react-reconciler@^0.26.7
282 silly packumentCache full:https://registry.npmjs.org/@types%2freact-reconciler cache-miss
283 http fetch GET 200 https://registry.npmjs.org/three-stdlib 398ms (cache miss)
284 silly packumentCache full:https://registry.npmjs.org/three-stdlib set size:undefined disposed:false
285 silly fetch manifest loose-envify@^1.1.0
286 silly packumentCache full:https://registry.npmjs.org/loose-envify cache-miss
287 http fetch GET 200 https://registry.npmjs.org/base64-js 67ms (cache miss)
288 silly packumentCache full:https://registry.npmjs.org/base64-js set size:undefined disposed:false
289 silly fetch manifest csstype@^3.2.2
290 silly packumentCache full:https://registry.npmjs.org/csstype cache-miss
291 http fetch GET 200 https://registry.npmjs.org/three-mesh-bvh 407ms (cache miss)
292 silly packumentCache full:https://registry.npmjs.org/three-mesh-bvh set size:undefined disposed:false
293 silly fetch manifest @types/prop-types@*
294 silly packumentCache full:https://registry.npmjs.org/@types%2fprop-types cache-miss
295 http fetch GET 200 https://registry.npmjs.org/suspend-react 59ms (cache miss)
296 silly packumentCache full:https://registry.npmjs.org/suspend-react set size:undefined disposed:false
297 silly fetch manifest fflate@~0.6.10
298 silly packumentCache full:https://registry.npmjs.org/fflate cache-miss
299 http fetch GET 200 https://registry.npmjs.org/detect-gpu 424ms (cache miss)
300 silly packumentCache full:https://registry.npmjs.org/detect-gpu set size:undefined disposed:false
301 silly fetch manifest @types/webxr@*
302 silly packumentCache full:https://registry.npmjs.org/@types%2fwebxr cache-miss
303 http fetch GET 200 https://registry.npmjs.org/camera-controls 468ms (cache miss)
304 silly packumentCache full:https://registry.npmjs.org/camera-controls set size:undefined disposed:false
305 silly fetch manifest meshoptimizer@~0.18.1
306 silly packumentCache full:https://registry.npmjs.org/meshoptimizer cache-miss
307 http fetch GET 200 https://registry.npmjs.org/troika-three-text 509ms (cache miss)
308 silly packumentCache full:https://registry.npmjs.org/troika-three-text set size:undefined disposed:false
309 silly fetch manifest @types/stats.js@*
310 silly packumentCache full:https://registry.npmjs.org/@types%2fstats.js cache-miss
311 http fetch GET 200 https://registry.npmjs.org/its-fine 255ms (cache miss)
312 silly packumentCache full:https://registry.npmjs.org/its-fine set size:undefined disposed:false
313 silly fetch manifest @babel/core@^7.28.0
314 silly packumentCache full:https://registry.npmjs.org/@babel%2fcore cache-miss
315 http cache https://registry.npmjs.org/@babel%2fcore 6ms (cache hit)
316 silly packumentCache full:https://registry.npmjs.org/@babel%2fcore set size:745002 disposed:false
317 silly fetch manifest react-refresh@^0.17.0
318 silly packumentCache full:https://registry.npmjs.org/react-refresh cache-miss
319 http fetch GET 200 https://registry.npmjs.org/hls.js 627ms (cache miss)
320 silly packumentCache full:https://registry.npmjs.org/hls.js set size:undefined disposed:false
321 silly fetch manifest @types/babel__core@^7.20.5
322 silly packumentCache full:https://registry.npmjs.org/@types%2fbabel__core cache-miss
323 http fetch GET 200 https://registry.npmjs.org/react-use-measure 296ms (cache miss)
324 silly packumentCache full:https://registry.npmjs.org/react-use-measure set size:undefined disposed:false
325 silly fetch manifest @rolldown/pluginutils@1.0.0-beta.27
326 silly packumentCache full:https://registry.npmjs.org/@rolldown%2fpluginutils cache-miss
327 http fetch GET 200 https://registry.npmjs.org/csstype 298ms (cache miss)
328 silly packumentCache full:https://registry.npmjs.org/csstype set size:undefined disposed:false
329 silly fetch manifest @babel/plugin-transform-react-jsx-self@^7.27.1
330 silly packumentCache full:https://registry.npmjs.org/@babel%2fplugin-transform-react-jsx-self cache-miss
331 http fetch GET 200 https://registry.npmjs.org/@mediapipe%2ftasks-vision 555ms (cache miss)
332 silly packumentCache full:https://registry.npmjs.org/@mediapipe%2ftasks-vision set size:undefined disposed:false
333 silly fetch manifest @babel/plugin-transform-react-jsx-source@^7.27.1
334 silly packumentCache full:https://registry.npmjs.org/@babel%2fplugin-transform-react-jsx-source cache-miss
335 http fetch GET 200 https://registry.npmjs.org/@use-gesture%2freact 809ms (cache miss)
336 silly packumentCache full:https://registry.npmjs.org/@use-gesture%2freact set size:undefined disposed:false
337 silly fetch manifest rollup@^4.20.0
338 silly packumentCache full:https://registry.npmjs.org/rollup cache-miss
339 http fetch GET 200 https://registry.npmjs.org/@react-spring%2fthree 784ms (cache miss)
340 silly packumentCache full:https://registry.npmjs.org/@react-spring%2fthree set size:undefined disposed:false
341 silly fetch manifest esbuild@^0.21.3
342 silly packumentCache full:https://registry.npmjs.org/esbuild cache-miss
343 http fetch GET 200 https://registry.npmjs.org/@types%2fwebxr 462ms (cache miss)
344 silly packumentCache full:https://registry.npmjs.org/@types%2fwebxr set size:undefined disposed:false
345 silly fetch manifest postcss@^8.4.43
346 silly packumentCache full:https://registry.npmjs.org/postcss cache-miss
347 http fetch GET 200 https://registry.npmjs.org/@types%2fwebxr 394ms (cache miss)
348 silly packumentCache full:https://registry.npmjs.org/@types%2fwebxr set size:undefined disposed:false
349 silly fetch manifest fsevents@~2.3.3
350 silly packumentCache full:https://registry.npmjs.org/fsevents cache-miss
351 http fetch GET 200 https://registry.npmjs.org/@monogrid%2fgainmap-js 587ms (cache miss)
352 silly packumentCache full:https://registry.npmjs.org/@monogrid%2fgainmap-js set size:undefined disposed:false
353 silly fetch manifest tslib@^2.4.0
354 silly packumentCache full:https://registry.npmjs.org/tslib cache-miss
355 http fetch GET 200 https://registry.npmjs.org/fflate 411ms (cache miss)
356 silly packumentCache full:https://registry.npmjs.org/fflate set size:undefined disposed:false
357 silly fetch manifest motion-dom@^11.18.1
358 silly packumentCache full:https://registry.npmjs.org/motion-dom cache-miss
359 http cache https://registry.npmjs.org/postcss 15ms (cache hit)
360 silly packumentCache full:https://registry.npmjs.org/postcss set size:696248 disposed:false
361 silly fetch manifest motion-utils@^11.18.1
362 silly packumentCache full:https://registry.npmjs.org/motion-utils cache-miss
363 http fetch GET 200 https://registry.npmjs.org/react-reconciler 467ms (cache miss)
364 silly packumentCache full:https://registry.npmjs.org/react-reconciler set size:undefined disposed:false
365 silly fetch manifest scheduler@^0.23.2
366 silly packumentCache full:https://registry.npmjs.org/scheduler cache-miss
367 http fetch GET 200 https://registry.npmjs.org/scheduler 522ms (cache miss)
368 silly packumentCache full:https://registry.npmjs.org/scheduler set size:undefined disposed:false
369 silly fetch manifest loose-envify@^1.1.0
370 silly packumentCache full:https://registry.npmjs.org/loose-envify cache-miss
371 http fetch GET 200 https://registry.npmjs.org/@types%2freact-reconciler 491ms (cache miss)
372 silly packumentCache full:https://registry.npmjs.org/@types%2freact-reconciler set size:undefined disposed:false
373 silly fetch manifest use-sync-external-store@^1.2.2
374 silly packumentCache full:https://registry.npmjs.org/use-sync-external-store cache-miss
375 http fetch GET 200 https://registry.npmjs.org/tslib 63ms (cache miss)
376 silly packumentCache full:https://registry.npmjs.org/tslib set size:undefined disposed:false
377 http fetch GET 200 https://registry.npmjs.org/buffer 573ms (cache miss)
378 silly packumentCache full:https://registry.npmjs.org/buffer set size:undefined disposed:false
379 http fetch GET 200 https://registry.npmjs.org/@types%2fprop-types 525ms (cache miss)
380 silly packumentCache full:https://registry.npmjs.org/@types%2fprop-types set size:undefined disposed:false
381 http fetch GET 200 https://registry.npmjs.org/meshoptimizer 478ms (cache miss)
382 silly packumentCache full:https://registry.npmjs.org/meshoptimizer set size:undefined disposed:false
383 http fetch GET 200 https://registry.npmjs.org/loose-envify 612ms (cache miss)
384 silly packumentCache full:https://registry.npmjs.org/loose-envify set size:undefined disposed:false
385 http fetch GET 200 https://registry.npmjs.org/fsevents 242ms (cache miss)
386 silly packumentCache full:https://registry.npmjs.org/fsevents set size:undefined disposed:false
387 http fetch GET 200 https://registry.npmjs.org/motion-dom 283ms (cache miss)
388 silly packumentCache full:https://registry.npmjs.org/motion-dom set size:undefined disposed:false
389 http fetch GET 200 https://registry.npmjs.org/@types%2fstats.js 620ms (cache miss)
390 silly packumentCache full:https://registry.npmjs.org/@types%2fstats.js set size:undefined disposed:false
391 http fetch GET 200 https://registry.npmjs.org/motion-utils 294ms (cache miss)
392 silly packumentCache full:https://registry.npmjs.org/motion-utils set size:undefined disposed:false
393 http fetch GET 200 https://registry.npmjs.org/scheduler 279ms (cache miss)
394 silly packumentCache full:https://registry.npmjs.org/scheduler set size:undefined disposed:false
395 http fetch GET 200 https://registry.npmjs.org/loose-envify 289ms (cache miss)
396 silly packumentCache full:https://registry.npmjs.org/loose-envify set size:undefined disposed:false
397 http fetch GET 200 https://registry.npmjs.org/esbuild 358ms (cache miss)
398 silly packumentCache full:https://registry.npmjs.org/esbuild set size:undefined disposed:false
399 http fetch GET 200 https://registry.npmjs.org/rollup 382ms (cache miss)
400 silly packumentCache full:https://registry.npmjs.org/rollup set size:undefined disposed:false
401 http fetch GET 200 https://registry.npmjs.org/react-refresh 625ms (cache miss)
402 silly packumentCache full:https://registry.npmjs.org/react-refresh set size:undefined disposed:false
403 http fetch GET 200 https://registry.npmjs.org/@babel%2fplugin-transform-react-jsx-source 448ms (cache miss)
404 silly packumentCache full:https://registry.npmjs.org/@babel%2fplugin-transform-react-jsx-source set size:undefined disposed:false
405 http fetch GET 200 https://registry.npmjs.org/@types%2fbabel__core 572ms (cache miss)
406 silly packumentCache full:https://registry.npmjs.org/@types%2fbabel__core set size:undefined disposed:false
407 http fetch GET 200 https://registry.npmjs.org/@rolldown%2fpluginutils 580ms (cache miss)
408 silly packumentCache full:https://registry.npmjs.org/@rolldown%2fpluginutils set size:undefined disposed:false
409 http fetch GET 200 https://registry.npmjs.org/use-sync-external-store 392ms (cache miss)
410 silly packumentCache full:https://registry.npmjs.org/use-sync-external-store set size:undefined disposed:false
411 http fetch GET 200 https://registry.npmjs.org/@babel%2fplugin-transform-react-jsx-self 849ms (cache miss)
412 silly packumentCache full:https://registry.npmjs.org/@babel%2fplugin-transform-react-jsx-self set size:undefined disposed:false
413 silly fetch manifest @types/three@>=0.134.0
414 silly packumentCache full:https://registry.npmjs.org/@types%2fthree cache-miss
415 http cache https://registry.npmjs.org/@types%2fthree 8ms (cache hit)
416 silly packumentCache full:https://registry.npmjs.org/@types%2fthree set size:632101 disposed:false
417 silly fetch manifest three@>=0.137
418 silly packumentCache full:https://registry.npmjs.org/three cache-miss
419 http cache https://registry.npmjs.org/three 4ms (cache hit)
420 silly packumentCache full:https://registry.npmjs.org/three set size:910018 disposed:false
421 silly fetch manifest @types/react@>=18.0.0
422 silly packumentCache full:https://registry.npmjs.org/@types%2freact cache-miss
423 http cache https://registry.npmjs.org/@types%2freact 7ms (cache hit)
424 silly packumentCache full:https://registry.npmjs.org/@types%2freact set size:2546526 disposed:false
425 silly fetch manifest react@^18
426 silly packumentCache full:https://registry.npmjs.org/react cache-miss
427 http cache https://registry.npmjs.org/react 11ms (cache hit)
428 silly packumentCache full:https://registry.npmjs.org/react set size:6378429 disposed:false
429 silly fetch manifest use-sync-external-store@>=1.2.0
430 silly packumentCache full:https://registry.npmjs.org/use-sync-external-store cache-miss
431 http cache https://registry.npmjs.org/use-sync-external-store 15ms (cache hit)
432 silly packumentCache full:https://registry.npmjs.org/use-sync-external-store set size:4386748 disposed:false
433 silly fetch manifest @react-three/fiber@^8
434 silly packumentCache full:https://registry.npmjs.org/@react-three%2ffiber cache-miss
435 http cache https://registry.npmjs.org/@react-three%2ffiber 5ms (cache hit)
436 silly packumentCache full:https://registry.npmjs.org/@react-three%2ffiber set size:1082271 disposed:false
437 silly fetch manifest react-dom@^18
438 silly packumentCache full:https://registry.npmjs.org/react-dom cache-miss
439 http cache https://registry.npmjs.org/react-dom 15ms (cache hit)
440 silly packumentCache full:https://registry.npmjs.org/react-dom set size:8402354 disposed:false
441 silly placeDep ROOT @babel/runtime@7.28.6 OK for: @react-three/drei@9.122.0 want: ^7.26.0
442 silly placeDep ROOT @mediapipe/tasks-vision@0.10.17 OK for: @react-three/drei@9.122.0 want: 0.10.17
443 silly placeDep ROOT @monogrid/gainmap-js@3.4.0 OK for: @react-three/drei@9.122.0 want: ^3.0.6
444 silly placeDep ROOT @react-spring/three@9.7.5 OK for: @react-three/drei@9.122.0 want: ~9.7.5
445 silly placeDep ROOT @use-gesture/react@10.3.1 OK for: @react-three/drei@9.122.0 want: ^10.3.1
446 silly placeDep ROOT camera-controls@2.10.1 OK for: @react-three/drei@9.122.0 want: ^2.9.0
447 silly placeDep ROOT cross-env@7.0.3 OK for: @react-three/drei@9.122.0 want: ^7.0.3
448 silly placeDep ROOT detect-gpu@5.0.70 OK for: @react-three/drei@9.122.0 want: ^5.0.56
449 silly placeDep ROOT glsl-noise@0.0.0 OK for: @react-three/drei@9.122.0 want: ^0.0.0
450 silly placeDep ROOT hls.js@1.6.15 OK for: @react-three/drei@9.122.0 want: ^1.5.17
451 silly placeDep ROOT maath@0.10.8 OK for: @react-three/drei@9.122.0 want: ^0.10.8
452 silly placeDep ROOT meshline@3.3.1 OK for: @react-three/drei@9.122.0 want: ^3.3.1
453 silly placeDep ROOT react-composer@5.0.3 OK for: @react-three/drei@9.122.0 want: ^5.0.3
454 silly placeDep ROOT stats-gl@2.4.2 OK for: @react-three/drei@9.122.0 want: ^2.2.8
455 silly placeDep ROOT stats.js@0.17.0 OK for: @react-three/drei@9.122.0 want: ^0.17.0
456 silly placeDep ROOT suspend-react@0.1.3 OK for: @react-three/drei@9.122.0 want: ^0.1.3
457 silly placeDep ROOT three-mesh-bvh@0.7.8 OK for: @react-three/drei@9.122.0 want: ^0.7.8
458 silly placeDep ROOT three-stdlib@2.36.1 OK for: @react-three/drei@9.122.0 want: ^2.35.6
459 silly placeDep ROOT troika-three-text@0.52.4 OK for: @react-three/drei@9.122.0 want: ^0.52.0
460 silly placeDep ROOT tunnel-rat@0.1.2 OK for: @react-three/drei@9.122.0 want: ^0.1.2
461 silly placeDep ROOT utility-types@3.11.0 OK for: @react-three/drei@9.122.0 want: ^3.11.0
462 silly placeDep node_modules/@react-three/drei zustand@5.0.10 OK for: @react-three/drei@9.122.0 want: ^5.0.1
463 silly fetch manifest promise-worker-transferable@^1.0.4
464 silly packumentCache full:https://registry.npmjs.org/promise-worker-transferable cache-miss
465 silly fetch manifest @react-spring/core@~9.7.5
466 silly packumentCache full:https://registry.npmjs.org/@react-spring%2fcore cache-miss
467 silly fetch manifest @react-spring/types@~9.7.5
468 silly packumentCache full:https://registry.npmjs.org/@react-spring%2ftypes cache-miss
469 silly fetch manifest @react-spring/shared@~9.7.5
470 silly packumentCache full:https://registry.npmjs.org/@react-spring%2fshared cache-miss
471 silly fetch manifest @react-spring/animated@~9.7.5
472 silly packumentCache full:https://registry.npmjs.org/@react-spring%2fanimated cache-miss
473 silly fetch manifest @use-gesture/core@10.3.1
474 silly packumentCache full:https://registry.npmjs.org/@use-gesture%2fcore cache-miss
475 silly fetch manifest cross-spawn@^7.0.1
476 silly packumentCache full:https://registry.npmjs.org/cross-spawn cache-miss
477 silly fetch manifest webgl-constants@^1.1.1
478 silly packumentCache full:https://registry.npmjs.org/webgl-constants cache-miss
479 silly fetch manifest prop-types@^15.6.0
480 silly packumentCache full:https://registry.npmjs.org/prop-types cache-miss
481 silly fetch manifest three@^0.170.0
482 silly packumentCache full:https://registry.npmjs.org/three cache-hit
483 silly fetch manifest @types/draco3d@^1.4.0
484 silly packumentCache full:https://registry.npmjs.org/@types%2fdraco3d cache-miss
485 silly fetch manifest @types/offscreencanvas@^2019.6.4
486 silly packumentCache full:https://registry.npmjs.org/@types%2foffscreencanvas cache-miss
487 silly fetch manifest @types/webxr@^0.5.2
488 silly packumentCache full:https://registry.npmjs.org/@types%2fwebxr cache-miss
489 silly fetch manifest draco3d@^1.4.1
490 silly packumentCache full:https://registry.npmjs.org/draco3d cache-miss
491 silly fetch manifest fflate@^0.6.9
492 silly packumentCache full:https://registry.npmjs.org/fflate cache-miss
493 silly fetch manifest potpack@^1.0.1
494 silly packumentCache full:https://registry.npmjs.org/potpack cache-miss
495 silly fetch manifest bidi-js@^1.0.2
496 silly packumentCache full:https://registry.npmjs.org/bidi-js cache-miss
497 silly fetch manifest troika-three-utils@^0.52.4
498 silly packumentCache full:https://registry.npmjs.org/troika-three-utils cache-miss
499 silly fetch manifest troika-worker-utils@^0.52.0
500 silly packumentCache full:https://registry.npmjs.org/troika-worker-utils cache-miss
501 silly fetch manifest webgl-sdf-generator@1.1.1
502 silly packumentCache full:https://registry.npmjs.org/webgl-sdf-generator cache-miss
503 http cache https://registry.npmjs.org/@types%2fwebxr 13ms (cache hit)
504 silly packumentCache full:https://registry.npmjs.org/@types%2fwebxr set size:64472 disposed:false
505 http cache https://registry.npmjs.org/fflate 15ms (cache hit)
506 silly packumentCache full:https://registry.npmjs.org/fflate set size:230492 disposed:false
507 http fetch GET 200 https://registry.npmjs.org/potpack 58ms (cache miss)
508 silly packumentCache full:https://registry.npmjs.org/potpack set size:undefined disposed:false
509 http fetch GET 200 https://registry.npmjs.org/cross-spawn 62ms (cache miss)
510 silly packumentCache full:https://registry.npmjs.org/cross-spawn set size:undefined disposed:false
511 http fetch GET 200 https://registry.npmjs.org/bidi-js 240ms (cache miss)
512 silly packumentCache full:https://registry.npmjs.org/bidi-js set size:undefined disposed:false
513 http fetch GET 200 https://registry.npmjs.org/webgl-constants 246ms (cache miss)
514 silly packumentCache full:https://registry.npmjs.org/webgl-constants set size:undefined disposed:false
515 http fetch GET 200 https://registry.npmjs.org/prop-types 249ms (cache miss)
516 silly packumentCache full:https://registry.npmjs.org/prop-types set size:undefined disposed:false
517 http fetch GET 200 https://registry.npmjs.org/promise-worker-transferable 259ms (cache miss)
518 silly packumentCache full:https://registry.npmjs.org/promise-worker-transferable set size:undefined disposed:false
519 http fetch GET 200 https://registry.npmjs.org/draco3d 261ms (cache miss)
520 silly packumentCache full:https://registry.npmjs.org/draco3d set size:undefined disposed:false
521 http fetch GET 200 https://registry.npmjs.org/webgl-sdf-generator 266ms (cache miss)
522 silly packumentCache full:https://registry.npmjs.org/webgl-sdf-generator set size:undefined disposed:false
523 http fetch GET 200 https://registry.npmjs.org/troika-three-utils 270ms (cache miss)
524 silly packumentCache full:https://registry.npmjs.org/troika-three-utils set size:undefined disposed:false
525 http fetch GET 200 https://registry.npmjs.org/troika-worker-utils 300ms (cache miss)
526 silly packumentCache full:https://registry.npmjs.org/troika-worker-utils set size:undefined disposed:false
527 http fetch GET 200 https://registry.npmjs.org/@types%2fdraco3d 410ms (cache miss)
528 silly packumentCache full:https://registry.npmjs.org/@types%2fdraco3d set size:undefined disposed:false
529 http fetch GET 200 https://registry.npmjs.org/@react-spring%2fshared 440ms (cache miss)
530 silly packumentCache full:https://registry.npmjs.org/@react-spring%2fshared set size:undefined disposed:false
531 http fetch GET 200 https://registry.npmjs.org/@react-spring%2fcore 456ms (cache miss)
532 silly packumentCache full:https://registry.npmjs.org/@react-spring%2fcore set size:undefined disposed:false
533 http fetch GET 200 https://registry.npmjs.org/@react-spring%2fanimated 485ms (cache miss)
534 silly packumentCache full:https://registry.npmjs.org/@react-spring%2fanimated set size:undefined disposed:false
535 http fetch GET 200 https://registry.npmjs.org/@react-spring%2ftypes 493ms (cache miss)
536 silly packumentCache full:https://registry.npmjs.org/@react-spring%2ftypes set size:undefined disposed:false
537 http fetch GET 200 https://registry.npmjs.org/@types%2foffscreencanvas 785ms (cache miss)
538 silly packumentCache full:https://registry.npmjs.org/@types%2foffscreencanvas set size:undefined disposed:false
539 http fetch GET 200 https://registry.npmjs.org/@use-gesture%2fcore 798ms (cache miss)
540 silly packumentCache full:https://registry.npmjs.org/@use-gesture%2fcore set size:undefined disposed:false
541 silly placeDep ROOT promise-worker-transferable@1.0.4 OK for: @monogrid/gainmap-js@3.4.0 want: ^1.0.4
542 silly fetch manifest is-promise@^2.1.0
543 silly packumentCache full:https://registry.npmjs.org/is-promise cache-miss
544 silly fetch manifest lie@^3.0.2
545 silly packumentCache full:https://registry.npmjs.org/lie cache-miss
546 http fetch GET 200 https://registry.npmjs.org/lie 56ms (cache miss)
547 silly packumentCache full:https://registry.npmjs.org/lie set size:undefined disposed:false
548 http fetch GET 200 https://registry.npmjs.org/is-promise 215ms (cache miss)
549 silly packumentCache full:https://registry.npmjs.org/is-promise set size:undefined disposed:false
550 silly fetch manifest react@^16.8.0 || ^17.0.0 || ^18.0.0
551 silly packumentCache full:https://registry.npmjs.org/react cache-miss
552 http cache https://registry.npmjs.org/react 20ms (cache hit)
553 silly packumentCache full:https://registry.npmjs.org/react set size:6378429 disposed:false
554 silly placeDep ROOT @react-spring/animated@9.7.5 OK for: @react-spring/three@9.7.5 want: ~9.7.5
555 silly placeDep ROOT @react-spring/core@9.7.5 OK for: @react-spring/three@9.7.5 want: ~9.7.5
556 silly placeDep ROOT @react-spring/shared@9.7.5 OK for: @react-spring/three@9.7.5 want: ~9.7.5
557 silly placeDep ROOT @react-spring/types@9.7.5 OK for: @react-spring/three@9.7.5 want: ~9.7.5
558 silly fetch manifest @react-spring/rafz@~9.7.5
559 silly packumentCache full:https://registry.npmjs.org/@react-spring%2frafz cache-miss
560 http fetch GET 200 https://registry.npmjs.org/@react-spring%2frafz 484ms (cache miss)
561 silly packumentCache full:https://registry.npmjs.org/@react-spring%2frafz set size:undefined disposed:false
562 silly placeDep ROOT @react-spring/rafz@9.7.5 OK for: @react-spring/shared@9.7.5 want: ~9.7.5
563 silly fetch manifest react@>=18 <19
564 silly packumentCache full:https://registry.npmjs.org/react cache-miss
565 http cache https://registry.npmjs.org/react 19ms (cache hit)
566 silly packumentCache full:https://registry.npmjs.org/react set size:6378429 disposed:false
567 silly fetch manifest react-dom@>=18 <19
568 silly packumentCache full:https://registry.npmjs.org/react-dom cache-miss
569 http cache https://registry.npmjs.org/react-dom 18ms (cache hit)
570 silly packumentCache full:https://registry.npmjs.org/react-dom set size:8402354 disposed:false
571 silly placeDep ROOT @types/react-reconciler@0.26.7 OK for: @react-three/fiber@8.18.0 want: ^0.26.7
572 silly placeDep ROOT @types/webxr@0.5.24 OK for: @react-three/fiber@8.18.0 want: *
573 silly placeDep ROOT base64-js@1.5.1 OK for: @react-three/fiber@8.18.0 want: ^1.5.1
574 silly placeDep ROOT buffer@6.0.3 OK for: @react-three/fiber@8.18.0 want: ^6.0.3
575 silly placeDep ROOT its-fine@1.2.5 OK for: @react-three/fiber@8.18.0 want: ^1.0.6
576 silly placeDep ROOT react-reconciler@0.27.0 OK for: @react-three/fiber@8.18.0 want: ^0.27.0
577 silly placeDep ROOT react-use-measure@2.1.7 OK for: @react-three/fiber@8.18.0 want: ^2.1.7
578 silly placeDep ROOT scheduler@0.21.0 OK for: @react-three/fiber@8.18.0 want: ^0.21.0
579 silly placeDep node_modules/@react-three/fiber zustand@3.7.2 OK for: @react-three/fiber@8.18.0 want: ^3.7.1
580 silly fetch manifest ieee754@^1.2.1
581 silly packumentCache full:https://registry.npmjs.org/ieee754 cache-miss
582 silly fetch manifest @types/react-reconciler@^0.28.0
583 silly packumentCache full:https://registry.npmjs.org/@types%2freact-reconciler cache-miss
584 http cache https://registry.npmjs.org/@types%2freact-reconciler 8ms (cache hit)
585 silly packumentCache full:https://registry.npmjs.org/@types%2freact-reconciler set size:59591 disposed:false
586 http fetch GET 200 https://registry.npmjs.org/ieee754 57ms (cache miss)
587 silly packumentCache full:https://registry.npmjs.org/ieee754 set size:undefined disposed:false
588 silly placeDep ROOT @types/prop-types@15.7.15 OK for: @types/react@18.3.27 want: *
589 silly placeDep ROOT csstype@3.2.3 OK for: @types/react@18.3.27 want: ^3.2.2
590 silly placeDep ROOT @types/stats.js@0.17.4 OK for: @types/three@0.160.0 want: *
591 silly placeDep ROOT fflate@0.6.10 OK for: @types/three@0.160.0 want: ~0.6.10
592 silly placeDep ROOT meshoptimizer@0.18.1 OK for: @types/three@0.160.0 want: ~0.18.1
593 silly placeDep ROOT @use-gesture/core@10.3.1 OK for: @use-gesture/react@10.3.1 want: 10.3.1
594 silly placeDep ROOT @babel/core@7.28.6 OK for: @vitejs/plugin-react@4.7.0 want: ^7.28.0
595 silly placeDep ROOT @babel/plugin-transform-react-jsx-self@7.27.1 OK for: @vitejs/plugin-react@4.7.0 want: ^7.27.1
596 silly placeDep ROOT @babel/plugin-transform-react-jsx-source@7.27.1 OK for: @vitejs/plugin-react@4.7.0 want: ^7.27.1
597 silly placeDep ROOT @rolldown/pluginutils@1.0.0-beta.27 OK for: @vitejs/plugin-react@4.7.0 want: 1.0.0-beta.27
598 silly placeDep ROOT @types/babel__core@7.20.5 OK for: @vitejs/plugin-react@4.7.0 want: ^7.20.5
599 silly placeDep ROOT react-refresh@0.17.0 OK for: @vitejs/plugin-react@4.7.0 want: ^0.17.0
600 silly fetch manifest @babel/code-frame@^7.28.6
601 silly packumentCache full:https://registry.npmjs.org/@babel%2fcode-frame cache-miss
602 silly fetch manifest @babel/generator@^7.28.6
603 silly packumentCache full:https://registry.npmjs.org/@babel%2fgenerator cache-miss
604 silly fetch manifest @babel/helper-compilation-targets@^7.28.6
605 silly packumentCache full:https://registry.npmjs.org/@babel%2fhelper-compilation-targets cache-miss
606 silly fetch manifest @babel/helper-module-transforms@^7.28.6
607 silly packumentCache full:https://registry.npmjs.org/@babel%2fhelper-module-transforms cache-miss
608 silly fetch manifest @babel/helpers@^7.28.6
609 silly packumentCache full:https://registry.npmjs.org/@babel%2fhelpers cache-miss
610 silly fetch manifest @babel/parser@^7.28.6
611 silly packumentCache full:https://registry.npmjs.org/@babel%2fparser cache-miss
612 silly fetch manifest @babel/template@^7.28.6
613 silly packumentCache full:https://registry.npmjs.org/@babel%2ftemplate cache-miss
614 silly fetch manifest @babel/traverse@^7.28.6
615 silly packumentCache full:https://registry.npmjs.org/@babel%2ftraverse cache-miss
616 silly fetch manifest @babel/types@^7.28.6
617 silly packumentCache full:https://registry.npmjs.org/@babel%2ftypes cache-miss
618 silly fetch manifest @jridgewell/remapping@^2.3.5
619 silly packumentCache full:https://registry.npmjs.org/@jridgewell%2fremapping cache-miss
620 silly fetch manifest convert-source-map@^2.0.0
621 silly packumentCache full:https://registry.npmjs.org/convert-source-map cache-miss
622 silly fetch manifest debug@^4.1.0
623 silly packumentCache full:https://registry.npmjs.org/debug cache-miss
624 silly fetch manifest gensync@^1.0.0-beta.2
625 silly packumentCache full:https://registry.npmjs.org/gensync cache-miss
626 silly fetch manifest json5@^2.2.3
627 silly packumentCache full:https://registry.npmjs.org/json5 cache-miss
628 silly fetch manifest semver@^6.3.1
629 silly packumentCache full:https://registry.npmjs.org/semver cache-miss
630 silly fetch manifest @babel/helper-plugin-utils@^7.27.1
631 silly packumentCache full:https://registry.npmjs.org/@babel%2fhelper-plugin-utils cache-miss
632 silly fetch manifest @babel/helper-plugin-utils@^7.27.1
633 silly packumentCache full:https://registry.npmjs.org/@babel%2fhelper-plugin-utils cache-miss
634 silly fetch manifest @babel/types@^7.20.7
635 silly packumentCache full:https://registry.npmjs.org/@babel%2ftypes cache-miss
636 silly fetch manifest @babel/parser@^7.20.7
637 silly packumentCache full:https://registry.npmjs.org/@babel%2fparser cache-miss
638 http fetch GET 200 https://registry.npmjs.org/debug 56ms (cache miss)
639 silly packumentCache full:https://registry.npmjs.org/debug set size:undefined disposed:false
640 silly fetch manifest @types/babel__template@*
641 silly packumentCache full:https://registry.npmjs.org/@types%2fbabel__template cache-miss
642 http fetch GET 200 https://registry.npmjs.org/semver 67ms (cache miss)
643 silly packumentCache full:https://registry.npmjs.org/semver set size:undefined disposed:false
644 silly fetch manifest @types/babel__traverse@*
645 silly packumentCache full:https://registry.npmjs.org/@types%2fbabel__traverse cache-miss
646 http fetch GET 200 https://registry.npmjs.org/json5 254ms (cache miss)
647 silly packumentCache full:https://registry.npmjs.org/json5 set size:undefined disposed:false
648 silly fetch manifest @types/babel__generator@*
649 silly packumentCache full:https://registry.npmjs.org/@types%2fbabel__generator cache-miss
650 http fetch GET 200 https://registry.npmjs.org/gensync 257ms (cache miss)
651 silly packumentCache full:https://registry.npmjs.org/gensync set size:undefined disposed:false
652 http fetch GET 200 https://registry.npmjs.org/@jridgewell%2fremapping 424ms (cache miss)
653 silly packumentCache full:https://registry.npmjs.org/@jridgewell%2fremapping set size:undefined disposed:false
654 http fetch GET 200 https://registry.npmjs.org/@babel%2fhelper-compilation-targets 432ms (cache miss)
655 silly packumentCache full:https://registry.npmjs.org/@babel%2fhelper-compilation-targets set size:undefined disposed:false
656 http fetch GET 200 https://registry.npmjs.org/@babel%2fcode-frame 439ms (cache miss)
657 silly packumentCache full:https://registry.npmjs.org/@babel%2fcode-frame set size:undefined disposed:false
658 http fetch GET 200 https://registry.npmjs.org/@babel%2fhelper-module-transforms 444ms (cache miss)
659 silly packumentCache full:https://registry.npmjs.org/@babel%2fhelper-module-transforms set size:undefined disposed:false
660 http fetch GET 200 https://registry.npmjs.org/@babel%2ftypes 454ms (cache miss)
661 silly packumentCache full:https://registry.npmjs.org/@babel%2ftypes set size:undefined disposed:false
662 http fetch GET 200 https://registry.npmjs.org/@babel%2ftypes 470ms (cache miss)
663 silly packumentCache full:https://registry.npmjs.org/@babel%2ftypes set size:undefined disposed:false
664 http fetch GET 200 https://registry.npmjs.org/@babel%2ftraverse 475ms (cache miss)
665 silly packumentCache full:https://registry.npmjs.org/@babel%2ftraverse set size:undefined disposed:false
666 http fetch GET 200 https://registry.npmjs.org/@babel%2fgenerator 480ms (cache miss)
667 silly packumentCache full:https://registry.npmjs.org/@babel%2fgenerator set size:undefined disposed:false
668 http fetch GET 200 https://registry.npmjs.org/@babel%2fhelpers 482ms (cache miss)
669 silly packumentCache full:https://registry.npmjs.org/@babel%2fhelpers set size:undefined disposed:false
670 http fetch GET 200 https://registry.npmjs.org/@babel%2fparser 487ms (cache miss)
671 silly packumentCache full:https://registry.npmjs.org/@babel%2fparser set size:undefined disposed:false
672 http fetch GET 200 https://registry.npmjs.org/@babel%2fhelper-plugin-utils 493ms (cache miss)
673 silly packumentCache full:https://registry.npmjs.org/@babel%2fhelper-plugin-utils set size:undefined disposed:false
674 http fetch GET 200 https://registry.npmjs.org/@babel%2fparser 501ms (cache miss)
675 silly packumentCache full:https://registry.npmjs.org/@babel%2fparser set size:undefined disposed:false
676 http fetch GET 200 https://registry.npmjs.org/convert-source-map 568ms (cache miss)
677 silly packumentCache full:https://registry.npmjs.org/convert-source-map set size:undefined disposed:false
678 http fetch GET 200 https://registry.npmjs.org/@babel%2ftemplate 799ms (cache miss)
679 silly packumentCache full:https://registry.npmjs.org/@babel%2ftemplate set size:undefined disposed:false
680 http fetch GET 200 https://registry.npmjs.org/@types%2fbabel__generator 562ms (cache miss)
681 silly packumentCache full:https://registry.npmjs.org/@types%2fbabel__generator set size:undefined disposed:false
682 http fetch GET 200 https://registry.npmjs.org/@types%2fbabel__template 776ms (cache miss)
683 silly packumentCache full:https://registry.npmjs.org/@types%2fbabel__template set size:undefined disposed:false
684 http fetch GET 200 https://registry.npmjs.org/@types%2fbabel__traverse 767ms (cache miss)
685 silly packumentCache full:https://registry.npmjs.org/@types%2fbabel__traverse set size:undefined disposed:false
686 http fetch GET 200 https://registry.npmjs.org/@babel%2fhelper-plugin-utils 894ms (cache miss)
687 silly packumentCache full:https://registry.npmjs.org/@babel%2fhelper-plugin-utils set size:undefined disposed:false
688 silly fetch manifest @babel/core@^7.0.0
689 silly packumentCache full:https://registry.npmjs.org/@babel%2fcore cache-hit
690 silly placeDep ROOT @babel/code-frame@7.28.6 OK for: @babel/core@7.28.6 want: ^7.28.6
691 silly placeDep ROOT @babel/generator@7.28.6 OK for: @babel/core@7.28.6 want: ^7.28.6
692 silly placeDep ROOT @babel/helper-compilation-targets@7.28.6 OK for: @babel/core@7.28.6 want: ^7.28.6
693 silly placeDep ROOT @babel/helper-module-transforms@7.28.6 OK for: @babel/core@7.28.6 want: ^7.28.6
694 silly placeDep ROOT @babel/helpers@7.28.6 OK for: @babel/core@7.28.6 want: ^7.28.6
695 silly placeDep ROOT @babel/parser@7.28.6 OK for: @babel/core@7.28.6 want: ^7.28.6
696 silly placeDep ROOT @babel/template@7.28.6 OK for: @babel/core@7.28.6 want: ^7.28.6
697 silly placeDep ROOT @babel/traverse@7.28.6 OK for: @babel/core@7.28.6 want: ^7.28.6
698 silly placeDep ROOT @babel/types@7.28.6 OK for: @babel/core@7.28.6 want: ^7.28.6
699 silly placeDep ROOT @jridgewell/remapping@2.3.5 OK for: @babel/core@7.28.6 want: ^2.3.5
700 silly placeDep ROOT convert-source-map@2.0.0 OK for: @babel/core@7.28.6 want: ^2.0.0
701 silly placeDep ROOT debug@4.4.3 OK for: @babel/core@7.28.6 want: ^4.1.0
702 silly placeDep ROOT gensync@1.0.0-beta.2 OK for: @babel/core@7.28.6 want: ^1.0.0-beta.2
703 silly placeDep ROOT json5@2.2.3 OK for: @babel/core@7.28.6 want: ^2.2.3
704 silly placeDep ROOT semver@6.3.1 OK for: @babel/core@7.28.6 want: ^6.3.1
705 silly fetch manifest @babel/helper-validator-identifier@^7.28.5
706 silly packumentCache full:https://registry.npmjs.org/@babel%2fhelper-validator-identifier cache-miss
707 silly fetch manifest js-tokens@^4.0.0
708 silly packumentCache full:https://registry.npmjs.org/js-tokens cache-miss
709 silly fetch manifest picocolors@^1.1.1
710 silly packumentCache full:https://registry.npmjs.org/picocolors cache-miss
711 silly fetch manifest @jridgewell/gen-mapping@^0.3.12
712 silly packumentCache full:https://registry.npmjs.org/@jridgewell%2fgen-mapping cache-miss
713 silly fetch manifest @jridgewell/trace-mapping@^0.3.28
714 silly packumentCache full:https://registry.npmjs.org/@jridgewell%2ftrace-mapping cache-miss
715 silly fetch manifest jsesc@^3.0.2
716 silly packumentCache full:https://registry.npmjs.org/jsesc cache-miss
717 silly fetch manifest @babel/compat-data@^7.28.6
718 silly packumentCache full:https://registry.npmjs.org/@babel%2fcompat-data cache-miss
719 silly fetch manifest @babel/helper-validator-option@^7.27.1
720 silly packumentCache full:https://registry.npmjs.org/@babel%2fhelper-validator-option cache-miss
721 silly fetch manifest browserslist@^4.24.0
722 silly packumentCache full:https://registry.npmjs.org/browserslist cache-miss
723 silly fetch manifest lru-cache@^5.1.1
724 silly packumentCache full:https://registry.npmjs.org/lru-cache cache-miss
725 silly fetch manifest @babel/helper-module-imports@^7.28.6
726 silly packumentCache full:https://registry.npmjs.org/@babel%2fhelper-module-imports cache-miss
727 silly fetch manifest @babel/helper-validator-identifier@^7.28.5
728 silly packumentCache full:https://registry.npmjs.org/@babel%2fhelper-validator-identifier cache-miss
729 silly fetch manifest @babel/helper-globals@^7.28.0
730 silly packumentCache full:https://registry.npmjs.org/@babel%2fhelper-globals cache-miss
731 silly fetch manifest debug@^4.3.1
732 silly packumentCache full:https://registry.npmjs.org/debug cache-miss
733 silly fetch manifest @babel/helper-string-parser@^7.27.1
734 silly packumentCache full:https://registry.npmjs.org/@babel%2fhelper-string-parser cache-miss
735 silly fetch manifest @babel/helper-validator-identifier@^7.28.5
736 silly packumentCache full:https://registry.npmjs.org/@babel%2fhelper-validator-identifier cache-miss
737 silly fetch manifest @jridgewell/gen-mapping@^0.3.5
738 silly packumentCache full:https://registry.npmjs.org/@jridgewell%2fgen-mapping cache-miss
739 silly fetch manifest @jridgewell/trace-mapping@^0.3.24
740 silly packumentCache full:https://registry.npmjs.org/@jridgewell%2ftrace-mapping cache-miss
741 silly fetch manifest ms@^2.1.3
742 silly packumentCache full:https://registry.npmjs.org/ms cache-miss
743 http cache https://registry.npmjs.org/debug 13ms (cache hit)
744 silly packumentCache full:https://registry.npmjs.org/debug set size:195840 disposed:false
745 http fetch GET 200 https://registry.npmjs.org/picocolors 49ms (cache miss)
746 silly packumentCache full:https://registry.npmjs.org/picocolors set size:undefined disposed:false
747 http fetch GET 200 https://registry.npmjs.org/browserslist 74ms (cache miss)
748 silly packumentCache full:https://registry.npmjs.org/browserslist set size:undefined disposed:false
749 http fetch GET 200 https://registry.npmjs.org/lru-cache 87ms (cache miss)
750 silly packumentCache full:https://registry.npmjs.org/lru-cache set size:undefined disposed:false
751 http fetch GET 200 https://registry.npmjs.org/@jridgewell%2fgen-mapping 95ms (cache miss)
752 silly packumentCache full:https://registry.npmjs.org/@jridgewell%2fgen-mapping set size:undefined disposed:false
753 http fetch GET 200 https://registry.npmjs.org/@jridgewell%2ftrace-mapping 100ms (cache miss)
754 silly packumentCache full:https://registry.npmjs.org/@jridgewell%2ftrace-mapping set size:undefined disposed:false
755 http fetch GET 200 https://registry.npmjs.org/@jridgewell%2fgen-mapping 101ms (cache miss)
756 silly packumentCache full:https://registry.npmjs.org/@jridgewell%2fgen-mapping set size:undefined disposed:false
757 http fetch GET 200 https://registry.npmjs.org/@jridgewell%2ftrace-mapping 127ms (cache miss)
758 silly packumentCache full:https://registry.npmjs.org/@jridgewell%2ftrace-mapping set size:undefined disposed:false
759 http fetch GET 200 https://registry.npmjs.org/js-tokens 244ms (cache miss)
760 silly packumentCache full:https://registry.npmjs.org/js-tokens set size:undefined disposed:false
761 http fetch GET 200 https://registry.npmjs.org/@babel%2fhelper-validator-identifier 245ms (cache miss)
762 silly packumentCache full:https://registry.npmjs.org/@babel%2fhelper-validator-identifier set size:undefined disposed:false
763 http fetch GET 200 https://registry.npmjs.org/@babel%2fhelper-validator-identifier 249ms (cache miss)
764 silly packumentCache full:https://registry.npmjs.org/@babel%2fhelper-validator-identifier set size:undefined disposed:false
765 http fetch GET 200 https://registry.npmjs.org/jsesc 249ms (cache miss)
766 silly packumentCache full:https://registry.npmjs.org/jsesc set size:undefined disposed:false
767 http fetch GET 200 https://registry.npmjs.org/@babel%2fhelper-validator-identifier 258ms (cache miss)
768 silly packumentCache full:https://registry.npmjs.org/@babel%2fhelper-validator-identifier set size:undefined disposed:false
769 http fetch GET 200 https://registry.npmjs.org/ms 327ms (cache miss)
770 silly packumentCache full:https://registry.npmjs.org/ms set size:undefined disposed:false
771 http fetch GET 200 https://registry.npmjs.org/@babel%2fhelper-globals 397ms (cache miss)
772 silly packumentCache full:https://registry.npmjs.org/@babel%2fhelper-globals set size:undefined disposed:false
773 http fetch GET 200 https://registry.npmjs.org/@babel%2fcompat-data 409ms (cache miss)
774 silly packumentCache full:https://registry.npmjs.org/@babel%2fcompat-data set size:undefined disposed:false
775 http fetch GET 200 https://registry.npmjs.org/@babel%2fhelper-string-parser 428ms (cache miss)
776 silly packumentCache full:https://registry.npmjs.org/@babel%2fhelper-string-parser set size:undefined disposed:false
777 http fetch GET 200 https://registry.npmjs.org/@babel%2fhelper-module-imports 431ms (cache miss)
778 silly packumentCache full:https://registry.npmjs.org/@babel%2fhelper-module-imports set size:undefined disposed:false
779 http fetch GET 200 https://registry.npmjs.org/@babel%2fhelper-validator-option 447ms (cache miss)
780 silly packumentCache full:https://registry.npmjs.org/@babel%2fhelper-validator-option set size:undefined disposed:false
781 silly placeDep ROOT @babel/helper-validator-identifier@7.28.5 OK for: @babel/code-frame@7.28.6 want: ^7.28.5
782 silly placeDep ROOT js-tokens@4.0.0 OK for: @babel/code-frame@7.28.6 want: ^4.0.0
783 silly placeDep ROOT picocolors@1.1.1 OK for: @babel/code-frame@7.28.6 want: ^1.1.1
784 silly placeDep ROOT @jridgewell/gen-mapping@0.3.13 OK for: @babel/generator@7.28.6 want: ^0.3.12
785 silly placeDep ROOT @jridgewell/trace-mapping@0.3.31 OK for: @babel/generator@7.28.6 want: ^0.3.28
786 silly placeDep ROOT jsesc@3.1.0 OK for: @babel/generator@7.28.6 want: ^3.0.2
787 silly fetch manifest @jridgewell/sourcemap-codec@^1.5.0
788 silly packumentCache full:https://registry.npmjs.org/@jridgewell%2fsourcemap-codec cache-miss
789 silly fetch manifest @jridgewell/resolve-uri@^3.1.0
790 silly packumentCache full:https://registry.npmjs.org/@jridgewell%2fresolve-uri cache-miss
791 silly fetch manifest @jridgewell/sourcemap-codec@^1.4.14
792 silly packumentCache full:https://registry.npmjs.org/@jridgewell%2fsourcemap-codec cache-miss
793 http fetch GET 200 https://registry.npmjs.org/@jridgewell%2fsourcemap-codec 62ms (cache miss)
794 silly packumentCache full:https://registry.npmjs.org/@jridgewell%2fsourcemap-codec set size:undefined disposed:false
795 http fetch GET 200 https://registry.npmjs.org/@jridgewell%2fsourcemap-codec 69ms (cache miss)
796 silly packumentCache full:https://registry.npmjs.org/@jridgewell%2fsourcemap-codec set size:undefined disposed:false
797 http fetch GET 200 https://registry.npmjs.org/@jridgewell%2fresolve-uri 71ms (cache miss)
798 silly packumentCache full:https://registry.npmjs.org/@jridgewell%2fresolve-uri set size:undefined disposed:false
799 silly placeDep ROOT @babel/compat-data@7.28.6 OK for: @babel/helper-compilation-targets@7.28.6 want: ^7.28.6
800 silly placeDep ROOT @babel/helper-validator-option@7.27.1 OK for: @babel/helper-compilation-targets@7.28.6 want: ^7.27.1
801 silly placeDep ROOT browserslist@4.28.1 OK for: @babel/helper-compilation-targets@7.28.6 want: ^4.24.0
802 silly placeDep ROOT lru-cache@5.1.1 OK for: @babel/helper-compilation-targets@7.28.6 want: ^5.1.1
803 silly fetch manifest baseline-browser-mapping@^2.9.0
804 silly packumentCache full:https://registry.npmjs.org/baseline-browser-mapping cache-miss
805 silly fetch manifest caniuse-lite@^1.0.30001759
806 silly packumentCache full:https://registry.npmjs.org/caniuse-lite cache-miss
807 silly fetch manifest electron-to-chromium@^1.5.263
808 silly packumentCache full:https://registry.npmjs.org/electron-to-chromium cache-miss
809 silly fetch manifest node-releases@^2.0.27
810 silly packumentCache full:https://registry.npmjs.org/node-releases cache-miss
811 silly fetch manifest update-browserslist-db@^1.2.0
812 silly packumentCache full:https://registry.npmjs.org/update-browserslist-db cache-miss
813 silly fetch manifest yallist@^3.0.2
814 silly packumentCache full:https://registry.npmjs.org/yallist cache-miss
815 http fetch GET 200 https://registry.npmjs.org/update-browserslist-db 54ms (cache miss)
816 silly packumentCache full:https://registry.npmjs.org/update-browserslist-db set size:undefined disposed:false
817 http fetch GET 200 https://registry.npmjs.org/baseline-browser-mapping 58ms (cache miss)
818 silly packumentCache full:https://registry.npmjs.org/baseline-browser-mapping set size:undefined disposed:false
819 http fetch GET 200 https://registry.npmjs.org/node-releases 78ms (cache miss)
820 silly packumentCache full:https://registry.npmjs.org/node-releases set size:undefined disposed:false
821 http fetch GET 200 https://registry.npmjs.org/caniuse-lite 128ms (cache miss)
822 silly packumentCache full:https://registry.npmjs.org/caniuse-lite set size:undefined disposed:false
823 http fetch GET 200 https://registry.npmjs.org/electron-to-chromium 178ms (cache miss)
824 silly packumentCache full:https://registry.npmjs.org/electron-to-chromium set size:undefined disposed:false
825 http fetch GET 200 https://registry.npmjs.org/yallist 233ms (cache miss)
826 silly packumentCache full:https://registry.npmjs.org/yallist set size:undefined disposed:false
827 silly placeDep ROOT @babel/helper-module-imports@7.28.6 OK for: @babel/helper-module-transforms@7.28.6 want: ^7.28.6
828 silly placeDep ROOT @babel/helper-plugin-utils@7.28.6 OK for: @babel/plugin-transform-react-jsx-self@7.27.1 want: ^7.27.1
829 silly placeDep ROOT @babel/helper-globals@7.28.0 OK for: @babel/traverse@7.28.6 want: ^7.28.0
830 silly placeDep ROOT @babel/helper-string-parser@7.27.1 OK for: @babel/types@7.28.6 want: ^7.27.1
831 silly placeDep ROOT @jridgewell/sourcemap-codec@1.5.5 OK for: @jridgewell/gen-mapping@0.3.13 want: ^1.5.0
832 silly placeDep ROOT @jridgewell/resolve-uri@3.1.2 OK for: @jridgewell/trace-mapping@0.3.31 want: ^3.1.0
833 silly placeDep ROOT @types/babel__generator@7.27.0 OK for: @types/babel__core@7.20.5 want: *
834 silly placeDep ROOT @types/babel__template@7.4.4 OK for: @types/babel__core@7.20.5 want: *
835 silly placeDep ROOT @types/babel__traverse@7.28.0 OK for: @types/babel__core@7.20.5 want: *
836 silly fetch manifest browserslist@>= 4.21.0
837 silly packumentCache full:https://registry.npmjs.org/browserslist cache-miss
838 http cache https://registry.npmjs.org/browserslist 5ms (cache hit)
839 silly packumentCache full:https://registry.npmjs.org/browserslist set size:502989 disposed:false
840 silly placeDep ROOT baseline-browser-mapping@2.9.14 OK for: browserslist@4.28.1 want: ^2.9.0
841 silly placeDep ROOT caniuse-lite@1.0.30001764 OK for: browserslist@4.28.1 want: ^1.0.30001759
842 silly placeDep ROOT electron-to-chromium@1.5.267 OK for: browserslist@4.28.1 want: ^1.5.263
843 silly placeDep ROOT node-releases@2.0.27 OK for: browserslist@4.28.1 want: ^2.0.27
844 silly placeDep ROOT update-browserslist-db@1.2.3 OK for: browserslist@4.28.1 want: ^1.2.0
845 silly fetch manifest escalade@^3.2.0
846 silly packumentCache full:https://registry.npmjs.org/escalade cache-miss
847 http fetch GET 200 https://registry.npmjs.org/escalade 53ms (cache miss)
848 silly packumentCache full:https://registry.npmjs.org/escalade set size:undefined disposed:false
849 silly placeDep ROOT ieee754@1.2.1 OK for: buffer@6.0.3 want: ^1.2.1
850 silly placeDep ROOT cross-spawn@7.0.6 OK for: cross-env@7.0.3 want: ^7.0.1
851 silly fetch manifest which@^2.0.1
852 silly packumentCache full:https://registry.npmjs.org/which cache-miss
853 silly fetch manifest path-key@^3.1.0
854 silly packumentCache full:https://registry.npmjs.org/path-key cache-miss
855 silly fetch manifest shebang-command@^2.0.0
856 silly packumentCache full:https://registry.npmjs.org/shebang-command cache-miss
857 http fetch GET 200 https://registry.npmjs.org/which 49ms (cache miss)
858 silly packumentCache full:https://registry.npmjs.org/which set size:undefined disposed:false
859 http fetch GET 200 https://registry.npmjs.org/shebang-command 56ms (cache miss)
860 silly packumentCache full:https://registry.npmjs.org/shebang-command set size:undefined disposed:false
861 http fetch GET 200 https://registry.npmjs.org/path-key 233ms (cache miss)
862 silly packumentCache full:https://registry.npmjs.org/path-key set size:undefined disposed:false
863 silly placeDep ROOT path-key@3.1.1 OK for: cross-spawn@7.0.6 want: ^3.1.0
864 silly placeDep ROOT shebang-command@2.0.0 OK for: cross-spawn@7.0.6 want: ^2.0.0
865 silly placeDep ROOT which@2.0.2 OK for: cross-spawn@7.0.6 want: ^2.0.1
866 silly fetch manifest shebang-regex@^3.0.0
867 silly packumentCache full:https://registry.npmjs.org/shebang-regex cache-miss
868 silly fetch manifest isexe@^2.0.0
869 silly packumentCache full:https://registry.npmjs.org/isexe cache-miss
870 http fetch GET 200 https://registry.npmjs.org/shebang-regex 53ms (cache miss)
871 silly packumentCache full:https://registry.npmjs.org/shebang-regex set size:undefined disposed:false
872 http fetch GET 200 https://registry.npmjs.org/isexe 56ms (cache miss)
873 silly packumentCache full:https://registry.npmjs.org/isexe set size:undefined disposed:false
874 silly placeDep ROOT ms@2.1.3 OK for: debug@4.4.3 want: ^2.1.3
875 silly placeDep ROOT webgl-constants@1.1.1 OK for: detect-gpu@5.0.70 want: ^1.1.1
876 silly placeDep ROOT motion-dom@11.18.1 OK for: framer-motion@11.18.2 want: ^11.18.1
877 silly placeDep ROOT motion-utils@11.18.1 OK for: framer-motion@11.18.2 want: ^11.18.1
878 silly placeDep ROOT tslib@2.8.1 OK for: framer-motion@11.18.2 want: ^2.4.0
879 silly fetch manifest @types/react@*
880 silly packumentCache full:https://registry.npmjs.org/@types%2freact cache-miss
881 http cache https://registry.npmjs.org/@types%2freact 8ms (cache hit)
882 silly packumentCache full:https://registry.npmjs.org/@types%2freact set size:2546526 disposed:false
883 silly placeDep node_modules/its-fine @types/react-reconciler@0.28.9 OK for: its-fine@1.2.5 want: ^0.28.0
884 silly placeDep ROOT yallist@3.1.1 OK for: lru-cache@5.1.1 want: ^3.0.2
885 silly placeDep ROOT is-promise@2.2.2 OK for: promise-worker-transferable@1.0.4 want: ^2.1.0
886 silly placeDep ROOT lie@3.3.0 OK for: promise-worker-transferable@1.0.4 want: ^3.0.2
887 silly fetch manifest immediate@~3.0.5
888 silly packumentCache full:https://registry.npmjs.org/immediate cache-miss
889 http fetch GET 200 https://registry.npmjs.org/immediate 47ms (cache miss)
890 silly packumentCache full:https://registry.npmjs.org/immediate set size:undefined disposed:false
891 silly placeDep ROOT immediate@3.0.6 OK for: lie@3.3.0 want: ~3.0.5
892 silly placeDep ROOT loose-envify@1.4.0 OK for: react@18.3.1 want: ^1.1.0
893 silly placeDep ROOT prop-types@15.8.1 OK for: react-composer@5.0.3 want: ^15.6.0
894 silly fetch manifest object-assign@^4.1.1
895 silly packumentCache full:https://registry.npmjs.org/object-assign cache-miss
896 silly fetch manifest react-is@^16.13.1
897 silly packumentCache full:https://registry.npmjs.org/react-is cache-miss
898 http fetch GET 200 https://registry.npmjs.org/object-assign 60ms (cache miss)
899 silly packumentCache full:https://registry.npmjs.org/object-assign set size:undefined disposed:false
900 http fetch GET 200 https://registry.npmjs.org/react-is 454ms (cache miss)
901 silly packumentCache full:https://registry.npmjs.org/react-is set size:undefined disposed:false
902 silly placeDep ROOT object-assign@4.1.1 OK for: prop-types@15.8.1 want: ^4.1.1
903 silly placeDep ROOT react-is@16.13.1 OK for: prop-types@15.8.1 want: ^16.13.1
904 silly placeDep node_modules/react-dom scheduler@0.23.2 OK for: react-dom@18.3.1 want: ^0.23.2
905 silly placeDep ROOT shebang-regex@3.0.0 OK for: shebang-command@2.0.0 want: ^3.0.0
906 silly placeDep node_modules/stats-gl three@0.170.0 OK for: stats-gl@2.4.2 want: ^0.170.0
907 silly placeDep ROOT @types/draco3d@1.4.10 OK for: three-stdlib@2.36.1 want: ^1.4.0
908 silly placeDep ROOT @types/offscreencanvas@2019.7.3 OK for: three-stdlib@2.36.1 want: ^2019.6.4
909 silly placeDep ROOT draco3d@1.5.7 OK for: three-stdlib@2.36.1 want: ^1.4.1
910 silly placeDep ROOT potpack@1.0.2 OK for: three-stdlib@2.36.1 want: ^1.0.1
911 silly fetch manifest three@>=0.125.0
912 silly packumentCache full:https://registry.npmjs.org/three cache-hit
913 silly placeDep ROOT bidi-js@1.0.3 OK for: troika-three-text@0.52.4 want: ^1.0.2
914 silly placeDep ROOT troika-three-utils@0.52.4 OK for: troika-three-text@0.52.4 want: ^0.52.4
915 silly placeDep ROOT troika-worker-utils@0.52.0 OK for: troika-three-text@0.52.4 want: ^0.52.0
916 silly placeDep ROOT webgl-sdf-generator@1.1.1 OK for: troika-three-text@0.52.4 want: 1.1.1
917 silly fetch manifest require-from-string@^2.0.2
918 silly packumentCache full:https://registry.npmjs.org/require-from-string cache-miss
919 http fetch GET 200 https://registry.npmjs.org/require-from-string 47ms (cache miss)
920 silly packumentCache full:https://registry.npmjs.org/require-from-string set size:undefined disposed:false
921 silly placeDep ROOT require-from-string@2.0.2 OK for: bidi-js@1.0.3 want: ^2.0.2
922 silly placeDep ROOT escalade@3.2.0 OK for: update-browserslist-db@1.2.3 want: ^3.2.0
923 silly placeDep ROOT esbuild@0.21.5 OK for: vite@5.4.21 want: ^0.21.3
924 silly placeDep ROOT fsevents@2.3.3 OK for: vite@5.4.21 want: ~2.3.3
925 silly placeDep ROOT postcss@8.5.6 OK for: vite@5.4.21 want: ^8.4.43
926 silly placeDep ROOT rollup@4.55.1 OK for: vite@5.4.21 want: ^4.20.0
927 silly fetch manifest @esbuild/aix-ppc64@0.21.5
928 silly packumentCache full:https://registry.npmjs.org/@esbuild%2faix-ppc64 cache-miss
929 silly fetch manifest @esbuild/linux-arm@0.21.5
930 silly packumentCache full:https://registry.npmjs.org/@esbuild%2flinux-arm cache-miss
931 silly fetch manifest @esbuild/linux-x64@0.21.5
932 silly packumentCache full:https://registry.npmjs.org/@esbuild%2flinux-x64 cache-miss
933 silly fetch manifest @esbuild/sunos-x64@0.21.5
934 silly packumentCache full:https://registry.npmjs.org/@esbuild%2fsunos-x64 cache-miss
935 silly fetch manifest @esbuild/win32-x64@0.21.5
936 silly packumentCache full:https://registry.npmjs.org/@esbuild%2fwin32-x64 cache-miss
937 silly fetch manifest @esbuild/darwin-x64@0.21.5
938 silly packumentCache full:https://registry.npmjs.org/@esbuild%2fdarwin-x64 cache-miss
939 silly fetch manifest @esbuild/linux-ia32@0.21.5
940 silly packumentCache full:https://registry.npmjs.org/@esbuild%2flinux-ia32 cache-miss
941 silly fetch manifest @esbuild/netbsd-x64@0.21.5
942 silly packumentCache full:https://registry.npmjs.org/@esbuild%2fnetbsd-x64 cache-miss
943 silly fetch manifest @esbuild/win32-ia32@0.21.5
944 silly packumentCache full:https://registry.npmjs.org/@esbuild%2fwin32-ia32 cache-miss
945 silly fetch manifest @esbuild/android-arm@0.21.5
946 silly packumentCache full:https://registry.npmjs.org/@esbuild%2fandroid-arm cache-miss
947 silly fetch manifest @esbuild/android-x64@0.21.5
948 silly packumentCache full:https://registry.npmjs.org/@esbuild%2fandroid-x64 cache-miss
949 silly fetch manifest @esbuild/freebsd-x64@0.21.5
950 silly packumentCache full:https://registry.npmjs.org/@esbuild%2ffreebsd-x64 cache-miss
951 silly fetch manifest @esbuild/linux-arm64@0.21.5
952 silly packumentCache full:https://registry.npmjs.org/@esbuild%2flinux-arm64 cache-miss
953 silly fetch manifest @esbuild/linux-ppc64@0.21.5
954 silly packumentCache full:https://registry.npmjs.org/@esbuild%2flinux-ppc64 cache-miss
955 silly fetch manifest @esbuild/linux-s390x@0.21.5
956 silly packumentCache full:https://registry.npmjs.org/@esbuild%2flinux-s390x cache-miss
957 silly fetch manifest @esbuild/openbsd-x64@0.21.5
958 silly packumentCache full:https://registry.npmjs.org/@esbuild%2fopenbsd-x64 cache-miss
959 silly fetch manifest @esbuild/win32-arm64@0.21.5
960 silly packumentCache full:https://registry.npmjs.org/@esbuild%2fwin32-arm64 cache-miss
961 silly fetch manifest @esbuild/darwin-arm64@0.21.5
962 silly packumentCache full:https://registry.npmjs.org/@esbuild%2fdarwin-arm64 cache-miss
963 silly fetch manifest @esbuild/android-arm64@0.21.5
964 silly packumentCache full:https://registry.npmjs.org/@esbuild%2fandroid-arm64 cache-miss
965 http fetch GET 200 https://registry.npmjs.org/@esbuild%2fwin32-x64 89ms (cache miss)
966 silly packumentCache full:https://registry.npmjs.org/@esbuild%2fwin32-x64 set size:undefined disposed:false
967 silly fetch manifest @esbuild/freebsd-arm64@0.21.5
968 silly packumentCache full:https://registry.npmjs.org/@esbuild%2ffreebsd-arm64 cache-miss
969 http fetch GET 200 https://registry.npmjs.org/@esbuild%2flinux-ppc64 275ms (cache miss)
970 silly packumentCache full:https://registry.npmjs.org/@esbuild%2flinux-ppc64 set size:undefined disposed:false
971 silly fetch manifest @esbuild/linux-loong64@0.21.5
972 silly packumentCache full:https://registry.npmjs.org/@esbuild%2flinux-loong64 cache-miss
973 http fetch GET 200 https://registry.npmjs.org/@esbuild%2fandroid-arm 290ms (cache miss)
974 silly packumentCache full:https://registry.npmjs.org/@esbuild%2fandroid-arm set size:undefined disposed:false
975 silly fetch manifest @esbuild/linux-riscv64@0.21.5
976 silly packumentCache full:https://registry.npmjs.org/@esbuild%2flinux-riscv64 cache-miss
977 http fetch GET 200 https://registry.npmjs.org/@esbuild%2fopenbsd-x64 345ms (cache miss)
978 silly packumentCache full:https://registry.npmjs.org/@esbuild%2fopenbsd-x64 set size:undefined disposed:false
979 silly fetch manifest @esbuild/linux-mips64el@0.21.5
980 silly packumentCache full:https://registry.npmjs.org/@esbuild%2flinux-mips64el cache-miss
981 http fetch GET 200 https://registry.npmjs.org/@esbuild%2flinux-x64 417ms (cache miss)
982 silly packumentCache full:https://registry.npmjs.org/@esbuild%2flinux-x64 set size:undefined disposed:false
983 silly fetch manifest nanoid@^3.3.11
984 silly packumentCache full:https://registry.npmjs.org/nanoid cache-miss
985 http fetch GET 200 https://registry.npmjs.org/@esbuild%2fsunos-x64 442ms (cache miss)
986 silly packumentCache full:https://registry.npmjs.org/@esbuild%2fsunos-x64 set size:undefined disposed:false
987 silly fetch manifest source-map-js@^1.2.1
988 silly packumentCache full:https://registry.npmjs.org/source-map-js cache-miss
989 http fetch GET 200 https://registry.npmjs.org/@esbuild%2flinux-arm 447ms (cache miss)
990 silly packumentCache full:https://registry.npmjs.org/@esbuild%2flinux-arm set size:undefined disposed:false
991 silly fetch manifest @types/estree@1.0.8
992 silly packumentCache full:https://registry.npmjs.org/@types%2festree cache-miss
993 http fetch GET 200 https://registry.npmjs.org/@esbuild%2fandroid-x64 448ms (cache miss)
994 silly packumentCache full:https://registry.npmjs.org/@esbuild%2fandroid-x64 set size:undefined disposed:false
995 silly fetch manifest @rollup/rollup-darwin-arm64@4.55.1
996 silly packumentCache full:https://registry.npmjs.org/@rollup%2frollup-darwin-arm64 cache-miss
997 http fetch GET 200 https://registry.npmjs.org/@esbuild%2fdarwin-x64 452ms (cache miss)
998 silly packumentCache full:https://registry.npmjs.org/@esbuild%2fdarwin-x64 set size:undefined disposed:false
999 silly fetch manifest @rollup/rollup-android-arm64@4.55.1
1000 silly packumentCache full:https://registry.npmjs.org/@rollup%2frollup-android-arm64 cache-miss
1001 http fetch GET 200 https://registry.npmjs.org/@esbuild%2ffreebsd-x64 461ms (cache miss)
1002 silly packumentCache full:https://registry.npmjs.org/@esbuild%2ffreebsd-x64 set size:undefined disposed:false
1003 silly fetch manifest @rollup/rollup-win32-arm64-msvc@4.55.1
1004 silly packumentCache full:https://registry.npmjs.org/@rollup%2frollup-win32-arm64-msvc cache-miss
1005 http fetch GET 200 https://registry.npmjs.org/@esbuild%2flinux-s390x 469ms (cache miss)
1006 silly packumentCache full:https://registry.npmjs.org/@esbuild%2flinux-s390x set size:undefined disposed:false
1007 silly fetch manifest @rollup/rollup-freebsd-arm64@4.55.1
1008 silly packumentCache full:https://registry.npmjs.org/@rollup%2frollup-freebsd-arm64 cache-miss
1009 http fetch GET 200 https://registry.npmjs.org/@esbuild%2faix-ppc64 473ms (cache miss)
1010 silly packumentCache full:https://registry.npmjs.org/@esbuild%2faix-ppc64 set size:undefined disposed:false
1011 silly fetch manifest @rollup/rollup-linux-arm64-gnu@4.55.1
1012 silly packumentCache full:https://registry.npmjs.org/@rollup%2frollup-linux-arm64-gnu cache-miss
1013 http fetch GET 200 https://registry.npmjs.org/@esbuild%2fnetbsd-x64 474ms (cache miss)
1014 silly packumentCache full:https://registry.npmjs.org/@esbuild%2fnetbsd-x64 set size:undefined disposed:false
1015 silly fetch manifest @rollup/rollup-linux-arm64-musl@4.55.1
1016 silly packumentCache full:https://registry.npmjs.org/@rollup%2frollup-linux-arm64-musl cache-miss
1017 http fetch GET 200 https://registry.npmjs.org/@esbuild%2flinux-ia32 480ms (cache miss)
1018 silly packumentCache full:https://registry.npmjs.org/@esbuild%2flinux-ia32 set size:undefined disposed:false
1019 silly fetch manifest @rollup/rollup-android-arm-eabi@4.55.1
1020 silly packumentCache full:https://registry.npmjs.org/@rollup%2frollup-android-arm-eabi cache-miss
1021 http fetch GET 200 https://registry.npmjs.org/@esbuild%2fwin32-ia32 485ms (cache miss)
1022 silly packumentCache full:https://registry.npmjs.org/@esbuild%2fwin32-ia32 set size:undefined disposed:false
1023 silly fetch manifest @rollup/rollup-linux-arm-gnueabihf@4.55.1
1024 silly packumentCache full:https://registry.npmjs.org/@rollup%2frollup-linux-arm-gnueabihf cache-miss
1025 http fetch GET 200 https://registry.npmjs.org/@types%2festree 67ms (cache miss)
1026 silly packumentCache full:https://registry.npmjs.org/@types%2festree set size:undefined disposed:false
1027 silly fetch manifest @rollup/rollup-linux-arm-musleabihf@4.55.1
1028 silly packumentCache full:https://registry.npmjs.org/@rollup%2frollup-linux-arm-musleabihf cache-miss
1029 http fetch GET 200 https://registry.npmjs.org/@esbuild%2fandroid-arm64 624ms (cache miss)
1030 silly packumentCache full:https://registry.npmjs.org/@esbuild%2fandroid-arm64 set size:undefined disposed:false
1031 silly fetch manifest @rollup/rollup-win32-ia32-msvc@4.55.1
1032 silly packumentCache full:https://registry.npmjs.org/@rollup%2frollup-win32-ia32-msvc cache-miss
1033 http fetch GET 200 https://registry.npmjs.org/nanoid 245ms (cache miss)
1034 silly packumentCache full:https://registry.npmjs.org/nanoid set size:undefined disposed:false
1035 silly fetch manifest @rollup/rollup-linux-loong64-gnu@4.55.1
1036 silly packumentCache full:https://registry.npmjs.org/@rollup%2frollup-linux-loong64-gnu cache-miss
1037 http fetch GET 200 https://registry.npmjs.org/source-map-js 267ms (cache miss)
1038 silly packumentCache full:https://registry.npmjs.org/source-map-js set size:undefined disposed:false
1039 silly fetch manifest @rollup/rollup-linux-loong64-musl@4.55.1
1040 silly packumentCache full:https://registry.npmjs.org/@rollup%2frollup-linux-loong64-musl cache-miss
1041 http fetch GET 200 https://registry.npmjs.org/@esbuild%2fwin32-arm64 724ms (cache miss)
1042 silly packumentCache full:https://registry.npmjs.org/@esbuild%2fwin32-arm64 set size:undefined disposed:false
1043 silly fetch manifest @rollup/rollup-linux-riscv64-gnu@4.55.1
1044 silly packumentCache full:https://registry.npmjs.org/@rollup%2frollup-linux-riscv64-gnu cache-miss
1045 http fetch GET 200 https://registry.npmjs.org/@rollup%2frollup-freebsd-arm64 272ms (cache miss)
1046 silly packumentCache full:https://registry.npmjs.org/@rollup%2frollup-freebsd-arm64 set size:undefined disposed:false
1047 silly fetch manifest @rollup/rollup-linux-riscv64-musl@4.55.1
1048 silly packumentCache full:https://registry.npmjs.org/@rollup%2frollup-linux-riscv64-musl cache-miss
1049 http fetch GET 200 https://registry.npmjs.org/@rollup%2frollup-win32-arm64-msvc 302ms (cache miss)
1050 silly packumentCache full:https://registry.npmjs.org/@rollup%2frollup-win32-arm64-msvc set size:undefined disposed:false
1051 silly fetch manifest @rollup/rollup-linux-ppc64-gnu@4.55.1
1052 silly packumentCache full:https://registry.npmjs.org/@rollup%2frollup-linux-ppc64-gnu cache-miss
1053 http fetch GET 200 https://registry.npmjs.org/@esbuild%2fdarwin-arm64 781ms (cache miss)
1054 silly packumentCache full:https://registry.npmjs.org/@esbuild%2fdarwin-arm64 set size:undefined disposed:false
1055 silly fetch manifest @rollup/rollup-linux-ppc64-musl@4.55.1
1056 silly packumentCache full:https://registry.npmjs.org/@rollup%2frollup-linux-ppc64-musl cache-miss
1057 http fetch GET 200 https://registry.npmjs.org/@esbuild%2flinux-arm64 806ms (cache miss)
1058 silly packumentCache full:https://registry.npmjs.org/@esbuild%2flinux-arm64 set size:undefined disposed:false
1059 silly fetch manifest @rollup/rollup-linux-s390x-gnu@4.55.1
1060 silly packumentCache full:https://registry.npmjs.org/@rollup%2frollup-linux-s390x-gnu cache-miss
1061 http fetch GET 200 https://registry.npmjs.org/@esbuild%2flinux-loong64 600ms (cache miss)
1062 silly packumentCache full:https://registry.npmjs.org/@esbuild%2flinux-loong64 set size:undefined disposed:false
1063 silly fetch manifest @rollup/rollup-darwin-x64@4.55.1
1064 silly packumentCache full:https://registry.npmjs.org/@rollup%2frollup-darwin-x64 cache-miss
1065 http fetch GET 200 https://registry.npmjs.org/@esbuild%2ffreebsd-arm64 799ms (cache miss)
1066 silly packumentCache full:https://registry.npmjs.org/@esbuild%2ffreebsd-arm64 set size:undefined disposed:false
1067 silly fetch manifest @rollup/rollup-win32-x64-gnu@4.55.1
1068 silly packumentCache full:https://registry.npmjs.org/@rollup%2frollup-win32-x64-gnu cache-miss
1069 http fetch GET 200 https://registry.npmjs.org/@esbuild%2flinux-riscv64 634ms (cache miss)
1070 silly packumentCache full:https://registry.npmjs.org/@esbuild%2flinux-riscv64 set size:undefined disposed:false
1071 silly fetch manifest @rollup/rollup-win32-x64-msvc@4.55.1
1072 silly packumentCache full:https://registry.npmjs.org/@rollup%2frollup-win32-x64-msvc cache-miss
1073 http fetch GET 200 https://registry.npmjs.org/@esbuild%2flinux-mips64el 597ms (cache miss)
1074 silly packumentCache full:https://registry.npmjs.org/@esbuild%2flinux-mips64el set size:undefined disposed:false
1075 silly fetch manifest @rollup/rollup-freebsd-x64@4.55.1
1076 silly packumentCache full:https://registry.npmjs.org/@rollup%2frollup-freebsd-x64 cache-miss
1077 http fetch GET 200 https://registry.npmjs.org/@rollup%2frollup-linux-arm64-gnu 529ms (cache miss)
1078 silly packumentCache full:https://registry.npmjs.org/@rollup%2frollup-linux-arm64-gnu set size:undefined disposed:false
1079 silly fetch manifest @rollup/rollup-linux-x64-gnu@4.55.1
1080 silly packumentCache full:https://registry.npmjs.org/@rollup%2frollup-linux-x64-gnu cache-miss
1081 http fetch GET 200 https://registry.npmjs.org/@rollup%2frollup-linux-arm64-musl 623ms (cache miss)
1082 silly packumentCache full:https://registry.npmjs.org/@rollup%2frollup-linux-arm64-musl set size:undefined disposed:false
1083 silly fetch manifest @rollup/rollup-linux-x64-musl@4.55.1
1084 silly packumentCache full:https://registry.npmjs.org/@rollup%2frollup-linux-x64-musl cache-miss
1085 http fetch GET 200 https://registry.npmjs.org/@rollup%2frollup-android-arm-eabi 622ms (cache miss)
1086 silly packumentCache full:https://registry.npmjs.org/@rollup%2frollup-android-arm-eabi set size:undefined disposed:false
1087 silly fetch manifest @rollup/rollup-openbsd-x64@4.55.1
1088 silly packumentCache full:https://registry.npmjs.org/@rollup%2frollup-openbsd-x64 cache-miss
1089 http fetch GET 200 https://registry.npmjs.org/@rollup%2frollup-android-arm64 654ms (cache miss)
1090 silly packumentCache full:https://registry.npmjs.org/@rollup%2frollup-android-arm64 set size:undefined disposed:false
1091 silly fetch manifest @rollup/rollup-openharmony-arm64@4.55.1
1092 silly packumentCache full:https://registry.npmjs.org/@rollup%2frollup-openharmony-arm64 cache-miss
1093 http fetch GET 200 https://registry.npmjs.org/@rollup%2frollup-linux-arm-gnueabihf 645ms (cache miss)
1094 silly packumentCache full:https://registry.npmjs.org/@rollup%2frollup-linux-arm-gnueabihf set size:undefined disposed:false
1095 http fetch GET 200 https://registry.npmjs.org/@rollup%2frollup-linux-arm-musleabihf 671ms (cache miss)
1096 silly packumentCache full:https://registry.npmjs.org/@rollup%2frollup-linux-arm-musleabihf set size:undefined disposed:false
1097 http fetch GET 200 https://registry.npmjs.org/@rollup%2frollup-linux-loong64-musl 485ms (cache miss)
1098 silly packumentCache full:https://registry.npmjs.org/@rollup%2frollup-linux-loong64-musl set size:undefined disposed:false
1099 http fetch GET 200 https://registry.npmjs.org/@rollup%2frollup-win32-ia32-msvc 586ms (cache miss)
1100 silly packumentCache full:https://registry.npmjs.org/@rollup%2frollup-win32-ia32-msvc set size:undefined disposed:false
1101 http fetch GET 200 https://registry.npmjs.org/@rollup%2frollup-darwin-arm64 770ms (cache miss)
1102 silly packumentCache full:https://registry.npmjs.org/@rollup%2frollup-darwin-arm64 set size:undefined disposed:false
1103 http fetch GET 200 https://registry.npmjs.org/@rollup%2frollup-linux-riscv64-gnu 501ms (cache miss)
1104 silly packumentCache full:https://registry.npmjs.org/@rollup%2frollup-linux-riscv64-gnu set size:undefined disposed:false
1105 http fetch GET 200 https://registry.npmjs.org/@rollup%2frollup-linux-loong64-gnu 569ms (cache miss)
1106 silly packumentCache full:https://registry.npmjs.org/@rollup%2frollup-linux-loong64-gnu set size:undefined disposed:false
1107 http fetch GET 200 https://registry.npmjs.org/@rollup%2frollup-darwin-x64 389ms (cache miss)
1108 silly packumentCache full:https://registry.npmjs.org/@rollup%2frollup-darwin-x64 set size:undefined disposed:false
1109 http fetch GET 200 https://registry.npmjs.org/@rollup%2frollup-linux-riscv64-musl 543ms (cache miss)
1110 silly packumentCache full:https://registry.npmjs.org/@rollup%2frollup-linux-riscv64-musl set size:undefined disposed:false
1111 http fetch GET 200 https://registry.npmjs.org/@rollup%2frollup-linux-ppc64-gnu 539ms (cache miss)
1112 silly packumentCache full:https://registry.npmjs.org/@rollup%2frollup-linux-ppc64-gnu set size:undefined disposed:false
1113 http fetch GET 200 https://registry.npmjs.org/@rollup%2frollup-linux-ppc64-musl 567ms (cache miss)
1114 silly packumentCache full:https://registry.npmjs.org/@rollup%2frollup-linux-ppc64-musl set size:undefined disposed:false
1115 http fetch GET 200 https://registry.npmjs.org/@rollup%2frollup-linux-s390x-gnu 569ms (cache miss)
1116 silly packumentCache full:https://registry.npmjs.org/@rollup%2frollup-linux-s390x-gnu set size:undefined disposed:false
1117 http fetch GET 200 https://registry.npmjs.org/@rollup%2frollup-win32-x64-msvc 602ms (cache miss)
1118 silly packumentCache full:https://registry.npmjs.org/@rollup%2frollup-win32-x64-msvc set size:undefined disposed:false
1119 http fetch GET 200 https://registry.npmjs.org/@rollup%2frollup-win32-x64-gnu 641ms (cache miss)
1120 silly packumentCache full:https://registry.npmjs.org/@rollup%2frollup-win32-x64-gnu set size:undefined disposed:false
1121 http fetch GET 200 https://registry.npmjs.org/@rollup%2frollup-freebsd-x64 595ms (cache miss)
1122 silly packumentCache full:https://registry.npmjs.org/@rollup%2frollup-freebsd-x64 set size:undefined disposed:false
1123 http fetch GET 200 https://registry.npmjs.org/@rollup%2frollup-linux-x64-gnu 572ms (cache miss)
1124 silly packumentCache full:https://registry.npmjs.org/@rollup%2frollup-linux-x64-gnu set size:undefined disposed:false
1125 http fetch GET 200 https://registry.npmjs.org/@rollup%2frollup-linux-x64-musl 509ms (cache miss)
1126 silly packumentCache full:https://registry.npmjs.org/@rollup%2frollup-linux-x64-musl set size:undefined disposed:false
1127 http fetch GET 200 https://registry.npmjs.org/@rollup%2frollup-openharmony-arm64 538ms (cache miss)
1128 silly packumentCache full:https://registry.npmjs.org/@rollup%2frollup-openharmony-arm64 set size:undefined disposed:false
1129 http fetch GET 200 https://registry.npmjs.org/@rollup%2frollup-openbsd-x64 843ms (cache miss)
1130 silly packumentCache full:https://registry.npmjs.org/@rollup%2frollup-openbsd-x64 set size:undefined disposed:false
1131 silly placeDep ROOT @esbuild/aix-ppc64@0.21.5 OK for: esbuild@0.21.5 want: 0.21.5
1132 silly placeDep ROOT @esbuild/android-arm@0.21.5 OK for: esbuild@0.21.5 want: 0.21.5
1133 silly placeDep ROOT @esbuild/android-arm64@0.21.5 OK for: esbuild@0.21.5 want: 0.21.5
1134 silly placeDep ROOT @esbuild/android-x64@0.21.5 OK for: esbuild@0.21.5 want: 0.21.5
1135 silly placeDep ROOT @esbuild/darwin-arm64@0.21.5 OK for: esbuild@0.21.5 want: 0.21.5
1136 silly placeDep ROOT @esbuild/darwin-x64@0.21.5 OK for: esbuild@0.21.5 want: 0.21.5
1137 silly placeDep ROOT @esbuild/freebsd-arm64@0.21.5 OK for: esbuild@0.21.5 want: 0.21.5
1138 silly placeDep ROOT @esbuild/freebsd-x64@0.21.5 OK for: esbuild@0.21.5 want: 0.21.5
1139 silly placeDep ROOT @esbuild/linux-arm@0.21.5 OK for: esbuild@0.21.5 want: 0.21.5
1140 silly placeDep ROOT @esbuild/linux-arm64@0.21.5 OK for: esbuild@0.21.5 want: 0.21.5
1141 silly placeDep ROOT @esbuild/linux-ia32@0.21.5 OK for: esbuild@0.21.5 want: 0.21.5
1142 silly placeDep ROOT @esbuild/linux-loong64@0.21.5 OK for: esbuild@0.21.5 want: 0.21.5
1143 silly placeDep ROOT @esbuild/linux-mips64el@0.21.5 OK for: esbuild@0.21.5 want: 0.21.5
1144 silly placeDep ROOT @esbuild/linux-ppc64@0.21.5 OK for: esbuild@0.21.5 want: 0.21.5
1145 silly placeDep ROOT @esbuild/linux-riscv64@0.21.5 OK for: esbuild@0.21.5 want: 0.21.5
1146 silly placeDep ROOT @esbuild/linux-s390x@0.21.5 OK for: esbuild@0.21.5 want: 0.21.5
1147 silly placeDep ROOT @esbuild/linux-x64@0.21.5 OK for: esbuild@0.21.5 want: 0.21.5
1148 silly placeDep ROOT @esbuild/netbsd-x64@0.21.5 OK for: esbuild@0.21.5 want: 0.21.5
1149 silly placeDep ROOT @esbuild/openbsd-x64@0.21.5 OK for: esbuild@0.21.5 want: 0.21.5
1150 silly placeDep ROOT @esbuild/sunos-x64@0.21.5 OK for: esbuild@0.21.5 want: 0.21.5
1151 silly placeDep ROOT @esbuild/win32-arm64@0.21.5 OK for: esbuild@0.21.5 want: 0.21.5
1152 silly placeDep ROOT @esbuild/win32-ia32@0.21.5 OK for: esbuild@0.21.5 want: 0.21.5
1153 silly placeDep ROOT @esbuild/win32-x64@0.21.5 OK for: esbuild@0.21.5 want: 0.21.5
1154 silly placeDep ROOT nanoid@3.3.11 OK for: postcss@8.5.6 want: ^3.3.11
1155 silly placeDep ROOT source-map-js@1.2.1 OK for: postcss@8.5.6 want: ^1.2.1
1156 silly placeDep ROOT @rollup/rollup-android-arm-eabi@4.55.1 OK for: rollup@4.55.1 want: 4.55.1
1157 silly placeDep ROOT @rollup/rollup-android-arm64@4.55.1 OK for: rollup@4.55.1 want: 4.55.1
1158 silly placeDep ROOT @rollup/rollup-darwin-arm64@4.55.1 OK for: rollup@4.55.1 want: 4.55.1
1159 silly placeDep ROOT @rollup/rollup-darwin-x64@4.55.1 OK for: rollup@4.55.1 want: 4.55.1
1160 silly placeDep ROOT @rollup/rollup-freebsd-arm64@4.55.1 OK for: rollup@4.55.1 want: 4.55.1
1161 silly placeDep ROOT @rollup/rollup-freebsd-x64@4.55.1 OK for: rollup@4.55.1 want: 4.55.1
1162 silly placeDep ROOT @rollup/rollup-linux-arm-gnueabihf@4.55.1 OK for: rollup@4.55.1 want: 4.55.1
1163 silly placeDep ROOT @rollup/rollup-linux-arm-musleabihf@4.55.1 OK for: rollup@4.55.1 want: 4.55.1
1164 silly placeDep ROOT @rollup/rollup-linux-arm64-gnu@4.55.1 OK for: rollup@4.55.1 want: 4.55.1
1165 silly placeDep ROOT @rollup/rollup-linux-arm64-musl@4.55.1 OK for: rollup@4.55.1 want: 4.55.1
1166 silly placeDep ROOT @rollup/rollup-linux-loong64-gnu@4.55.1 OK for: rollup@4.55.1 want: 4.55.1
1167 silly placeDep ROOT @rollup/rollup-linux-loong64-musl@4.55.1 OK for: rollup@4.55.1 want: 4.55.1
1168 silly placeDep ROOT @rollup/rollup-linux-ppc64-gnu@4.55.1 OK for: rollup@4.55.1 want: 4.55.1
1169 silly placeDep ROOT @rollup/rollup-linux-ppc64-musl@4.55.1 OK for: rollup@4.55.1 want: 4.55.1
1170 silly placeDep ROOT @rollup/rollup-linux-riscv64-gnu@4.55.1 OK for: rollup@4.55.1 want: 4.55.1
1171 silly placeDep ROOT @rollup/rollup-linux-riscv64-musl@4.55.1 OK for: rollup@4.55.1 want: 4.55.1
1172 silly placeDep ROOT @rollup/rollup-linux-s390x-gnu@4.55.1 OK for: rollup@4.55.1 want: 4.55.1
1173 silly placeDep ROOT @rollup/rollup-linux-x64-gnu@4.55.1 OK for: rollup@4.55.1 want: 4.55.1
1174 silly placeDep ROOT @rollup/rollup-linux-x64-musl@4.55.1 OK for: rollup@4.55.1 want: 4.55.1
1175 silly placeDep ROOT @rollup/rollup-openbsd-x64@4.55.1 OK for: rollup@4.55.1 want: 4.55.1
1176 silly placeDep ROOT @rollup/rollup-openharmony-arm64@4.55.1 OK for: rollup@4.55.1 want: 4.55.1
1177 silly placeDep ROOT @rollup/rollup-win32-arm64-msvc@4.55.1 OK for: rollup@4.55.1 want: 4.55.1
1178 silly placeDep ROOT @rollup/rollup-win32-ia32-msvc@4.55.1 OK for: rollup@4.55.1 want: 4.55.1
1179 silly placeDep ROOT @rollup/rollup-win32-x64-gnu@4.55.1 OK for: rollup@4.55.1 want: 4.55.1
1180 silly placeDep ROOT @rollup/rollup-win32-x64-msvc@4.55.1 OK for: rollup@4.55.1 want: 4.55.1
1181 silly placeDep ROOT @types/estree@1.0.8 OK for: rollup@4.55.1 want: 1.0.8
1182 silly placeDep ROOT isexe@2.0.0 OK for: which@2.0.2 want: ^2.0.0
1183 silly fetch manifest react@>=16.8
1184 silly packumentCache full:https://registry.npmjs.org/react cache-miss
1185 http cache https://registry.npmjs.org/react 14ms (cache hit)
1186 silly packumentCache full:https://registry.npmjs.org/react set size:6378429 disposed:false
1187 silly placeDep ROOT use-sync-external-store@1.6.0 OK for: zustand@4.5.7 want: ^1.2.2
1188 silly reify moves {}
1189 silly audit bulk request {
1189 silly audit   '@react-three/drei': [ '9.122.0' ],
1189 silly audit   react: [ '18.3.1' ],
1189 silly audit   three: [ '0.160.1', '0.170.0' ],
1189 silly audit   '@react-three/fiber': [ '8.18.0' ],
1189 silly audit   '@types/react': [ '18.3.27' ],
1189 silly audit   '@types/react-dom': [ '18.3.7' ],
1189 silly audit   '@types/three': [ '0.160.0' ],
1189 silly audit   '@types/uuid': [ '9.0.8' ],
1189 silly audit   '@vitejs/plugin-react': [ '4.7.0' ],
1189 silly audit   vite: [ '5.4.21' ],
1189 silly audit   'framer-motion': [ '11.18.2' ],
1189 silly audit   'react-dom': [ '18.3.1' ],
1189 silly audit   typescript: [ '5.9.3' ],
1189 silly audit   uuid: [ '9.0.1' ],
1189 silly audit   zustand: [ '4.5.7', '5.0.10', '3.7.2' ],
1189 silly audit   '@babel/runtime': [ '7.28.6' ],
1189 silly audit   '@mediapipe/tasks-vision': [ '0.10.17' ],
1189 silly audit   '@monogrid/gainmap-js': [ '3.4.0' ],
1189 silly audit   '@react-spring/three': [ '9.7.5' ],
1189 silly audit   '@use-gesture/react': [ '10.3.1' ],
1189 silly audit   'camera-controls': [ '2.10.1' ],
1189 silly audit   'cross-env': [ '7.0.3' ],
1189 silly audit   'detect-gpu': [ '5.0.70' ],
1189 silly audit   'glsl-noise': [ '0.0.0' ],
1189 silly audit   'hls.js': [ '1.6.15' ],
1189 silly audit   maath: [ '0.10.8' ],
1189 silly audit   meshline: [ '3.3.1' ],
1189 silly audit   'react-composer': [ '5.0.3' ],
1189 silly audit   'stats-gl': [ '2.4.2' ],
1189 silly audit   'stats.js': [ '0.17.0' ],
1189 silly audit   'suspend-react': [ '0.1.3' ],
1189 silly audit   'three-mesh-bvh': [ '0.7.8' ],
1189 silly audit   'three-stdlib': [ '2.36.1' ],
1189 silly audit   'troika-three-text': [ '0.52.4' ],
1189 silly audit   'tunnel-rat': [ '0.1.2' ],
1189 silly audit   'utility-types': [ '3.11.0' ],
1189 silly audit   'promise-worker-transferable': [ '1.0.4' ],
1189 silly audit   '@react-spring/animated': [ '9.7.5' ],
1189 silly audit   '@react-spring/core': [ '9.7.5' ],
1189 silly audit   '@react-spring/shared': [ '9.7.5' ],
1189 silly audit   '@react-spring/types': [ '9.7.5' ],
1189 silly audit   '@react-spring/rafz': [ '9.7.5' ],
1189 silly audit   '@types/react-reconciler': [ '0.26.7', '0.28.9' ],
1189 silly audit   '@types/webxr': [ '0.5.24' ],
1189 silly audit   'base64-js': [ '1.5.1' ],
1189 silly audit   buffer: [ '6.0.3' ],
1189 silly audit   'its-fine': [ '1.2.5' ],
1189 silly audit   'react-reconciler': [ '0.27.0' ],
1189 silly audit   'react-use-measure': [ '2.1.7' ],
1189 silly audit   scheduler: [ '0.21.0', '0.23.2' ],
1189 silly audit   '@types/prop-types': [ '15.7.15' ],
1189 silly audit   csstype: [ '3.2.3' ],
1189 silly audit   '@types/stats.js': [ '0.17.4' ],
1189 silly audit   fflate: [ '0.6.10' ],
1189 silly audit   meshoptimizer: [ '0.18.1' ],
1189 silly audit   '@use-gesture/core': [ '10.3.1' ],
1189 silly audit   '@babel/core': [ '7.28.6' ],
1189 silly audit   '@babel/plugin-transform-react-jsx-self': [ '7.27.1' ],
1189 silly audit   '@babel/plugin-transform-react-jsx-source': [ '7.27.1' ],
1189 silly audit   '@rolldown/pluginutils': [ '1.0.0-beta.27' ],
1189 silly audit   '@types/babel__core': [ '7.20.5' ],
1189 silly audit   'react-refresh': [ '0.17.0' ],
1189 silly audit   '@babel/code-frame': [ '7.28.6' ],
1189 silly audit   '@babel/generator': [ '7.28.6' ],
1189 silly audit   '@babel/helper-compilation-targets': [ '7.28.6' ],
1189 silly audit   '@babel/helper-module-transforms': [ '7.28.6' ],
1189 silly audit   '@babel/helpers': [ '7.28.6' ],
1189 silly audit   '@babel/parser': [ '7.28.6' ],
1189 silly audit   '@babel/template': [ '7.28.6' ],
1189 silly audit   '@babel/traverse': [ '7.28.6' ],
1189 silly audit   '@babel/types': [ '7.28.6' ],
1189 silly audit   '@jridgewell/remapping': [ '2.3.5' ],
1189 silly audit   'convert-source-map': [ '2.0.0' ],
1189 silly audit   debug: [ '4.4.3' ],
1189 silly audit   gensync: [ '1.0.0-beta.2' ],
1189 silly audit   json5: [ '2.2.3' ],
1189 silly audit   semver: [ '6.3.1' ],
1189 silly audit   '@babel/helper-validator-identifier': [ '7.28.5' ],
1189 silly audit   'js-tokens': [ '4.0.0' ],
1189 silly audit   picocolors: [ '1.1.1' ],
1189 silly audit   '@jridgewell/gen-mapping': [ '0.3.13' ],
1189 silly audit   '@jridgewell/trace-mapping': [ '0.3.31' ],
1189 silly audit   jsesc: [ '3.1.0' ],
1189 silly audit   '@babel/compat-data': [ '7.28.6' ],
1189 silly audit   '@babel/helper-validator-option': [ '7.27.1' ],
1189 silly audit   browserslist: [ '4.28.1' ],
1189 silly audit   'lru-cache': [ '5.1.1' ],
1189 silly audit   '@babel/helper-module-imports': [ '7.28.6' ],
1189 silly audit   '@babel/helper-plugin-utils': [ '7.28.6' ],
1189 silly audit   '@babel/helper-globals': [ '7.28.0' ],
1189 silly audit   '@babel/helper-string-parser': [ '7.27.1' ],
1189 silly audit   '@jridgewell/sourcemap-codec': [ '1.5.5' ],
1189 silly audit   '@jridgewell/resolve-uri': [ '3.1.2' ],
1189 silly audit   '@types/babel__generator': [ '7.27.0' ],
1189 silly audit   '@types/babel__template': [ '7.4.4' ],
1189 silly audit   '@types/babel__traverse': [ '7.28.0' ],
1189 silly audit   'baseline-browser-mapping': [ '2.9.14' ],
1189 silly audit   'caniuse-lite': [ '1.0.30001764' ],
1189 silly audit   'electron-to-chromium': [ '1.5.267' ],
1189 silly audit   'node-releases': [ '2.0.27' ],
1189 silly audit   'update-browserslist-db': [ '1.2.3' ],
1189 silly audit   ieee754: [ '1.2.1' ],
1189 silly audit   'cross-spawn': [ '7.0.6' ],
1189 silly audit   'path-key': [ '3.1.1' ],
1189 silly audit   'shebang-command': [ '2.0.0' ],
1189 silly audit   which: [ '2.0.2' ],
1189 silly audit   ms: [ '2.1.3' ],
1189 silly audit   'webgl-constants': [ '1.1.1' ],
1189 silly audit   'motion-dom': [ '11.18.1' ],
1189 silly audit   'motion-utils': [ '11.18.1' ],
1189 silly audit   tslib: [ '2.8.1' ],
1189 silly audit   yallist: [ '3.1.1' ],
1189 silly audit   'is-promise': [ '2.2.2' ],
1189 silly audit   lie: [ '3.3.0' ],
1189 silly audit   immediate: [ '3.0.6' ],
1189 silly audit   'loose-envify': [ '1.4.0' ],
1189 silly audit   'prop-types': [ '15.8.1' ],
1189 silly audit   'object-assign': [ '4.1.1' ],
1189 silly audit   'react-is': [ '16.13.1' ],
1189 silly audit   'shebang-regex': [ '3.0.0' ],
1189 silly audit   '@types/draco3d': [ '1.4.10' ],
1189 silly audit   '@types/offscreencanvas': [ '2019.7.3' ],
1189 silly audit   draco3d: [ '1.5.7' ],
1189 silly audit   potpack: [ '1.0.2' ],
1189 silly audit   'bidi-js': [ '1.0.3' ],
1189 silly audit   'troika-three-utils': [ '0.52.4' ],
1189 silly audit   'troika-worker-utils': [ '0.52.0' ],
1189 silly audit   'webgl-sdf-generator': [ '1.1.1' ],
1189 silly audit   'require-from-string': [ '2.0.2' ],
1189 silly audit   escalade: [ '3.2.0' ],
1189 silly audit   esbuild: [ '0.21.5' ],
1189 silly audit   fsevents: [ '2.3.3' ],
1189 silly audit   postcss: [ '8.5.6' ],
1189 silly audit   rollup: [ '4.55.1' ],
1189 silly audit   '@esbuild/aix-ppc64': [ '0.21.5' ],
1189 silly audit   '@esbuild/android-arm': [ '0.21.5' ],
1189 silly audit   '@esbuild/android-arm64': [ '0.21.5' ],
1189 silly audit   '@esbuild/android-x64': [ '0.21.5' ],
1189 silly audit   '@esbuild/darwin-arm64': [ '0.21.5' ],
1189 silly audit   '@esbuild/darwin-x64': [ '0.21.5' ],
1189 silly audit   '@esbuild/freebsd-arm64': [ '0.21.5' ],
1189 silly audit   '@esbuild/freebsd-x64': [ '0.21.5' ],
1189 silly audit   '@esbuild/linux-arm': [ '0.21.5' ],
1189 silly audit   '@esbuild/linux-arm64': [ '0.21.5' ],
1189 silly audit   '@esbuild/linux-ia32': [ '0.21.5' ],
1189 silly audit   '@esbuild/linux-loong64': [ '0.21.5' ],
1189 silly audit   '@esbuild/linux-mips64el': [ '0.21.5' ],
1189 silly audit   '@esbuild/linux-ppc64': [ '0.21.5' ],
1189 silly audit   '@esbuild/linux-riscv64': [ '0.21.5' ],
1189 silly audit   '@esbuild/linux-s390x': [ '0.21.5' ],
1189 silly audit   '@esbuild/linux-x64': [ '0.21.5' ],
1189 silly audit   '@esbuild/netbsd-x64': [ '0.21.5' ],
1189 silly audit   '@esbuild/openbsd-x64': [ '0.21.5' ],
1189 silly audit   '@esbuild/sunos-x64': [ '0.21.5' ],
1189 silly audit   '@esbuild/win32-arm64': [ '0.21.5' ],
1189 silly audit   '@esbuild/win32-ia32': [ '0.21.5' ],
1189 silly audit   '@esbuild/win32-x64': [ '0.21.5' ],
1189 silly audit   nanoid: [ '3.3.11' ],
1189 silly audit   'source-map-js': [ '1.2.1' ],
1189 silly audit   '@rollup/rollup-android-arm-eabi': [ '4.55.1' ],
1189 silly audit   '@rollup/rollup-android-arm64': [ '4.55.1' ],
1189 silly audit   '@rollup/rollup-darwin-arm64': [ '4.55.1' ],
1189 silly audit   '@rollup/rollup-darwin-x64': [ '4.55.1' ],
1189 silly audit   '@rollup/rollup-freebsd-arm64': [ '4.55.1' ],
1189 silly audit   '@rollup/rollup-freebsd-x64': [ '4.55.1' ],
1189 silly audit   '@rollup/rollup-linux-arm-gnueabihf': [ '4.55.1' ],
1189 silly audit   '@rollup/rollup-linux-arm-musleabihf': [ '4.55.1' ],
1189 silly audit   '@rollup/rollup-linux-arm64-gnu': [ '4.55.1' ],
1189 silly audit   '@rollup/rollup-linux-arm64-musl': [ '4.55.1' ],
1189 silly audit   '@rollup/rollup-linux-loong64-gnu': [ '4.55.1' ],
1189 silly audit   '@rollup/rollup-linux-loong64-musl': [ '4.55.1' ],
1189 silly audit   '@rollup/rollup-linux-ppc64-gnu': [ '4.55.1' ],
1189 silly audit   '@rollup/rollup-linux-ppc64-musl': [ '4.55.1' ],
1189 silly audit   '@rollup/rollup-linux-riscv64-gnu': [ '4.55.1' ],
1189 silly audit   '@rollup/rollup-linux-riscv64-musl': [ '4.55.1' ],
1189 silly audit   '@rollup/rollup-linux-s390x-gnu': [ '4.55.1' ],
1189 silly audit   '@rollup/rollup-linux-x64-gnu': [ '4.55.1' ],
1189 silly audit   '@rollup/rollup-linux-x64-musl': [ '4.55.1' ],
1189 silly audit   '@rollup/rollup-openbsd-x64': [ '4.55.1' ],
1189 silly audit   '@rollup/rollup-openharmony-arm64': [ '4.55.1' ],
1189 silly audit   '@rollup/rollup-win32-arm64-msvc': [ '4.55.1' ],
1189 silly audit   '@rollup/rollup-win32-ia32-msvc': [ '4.55.1' ],
1189 silly audit   '@rollup/rollup-win32-x64-gnu': [ '4.55.1' ],
1189 silly audit   '@rollup/rollup-win32-x64-msvc': [ '4.55.1' ],
1189 silly audit   '@types/estree': [ '1.0.8' ],
1189 silly audit   isexe: [ '2.0.0' ],
1189 silly audit   'use-sync-external-store': [ '1.6.0' ]
1189 silly audit }
1190 http cache use-sync-external-store@https://registry.npmjs.org/use-sync-external-store/-/use-sync-external-store-1.6.0.tgz 0ms (cache hit)
1191 http cache @rollup/rollup-win32-x64-msvc@https://registry.npmjs.org/@rollup/rollup-win32-x64-msvc/-/rollup-win32-x64-msvc-4.55.1.tgz 0ms (cache hit)
1192 http cache isexe@https://registry.npmjs.org/isexe/-/isexe-2.0.0.tgz 0ms (cache hit)
1193 http cache @rollup/rollup-win32-x64-gnu@https://registry.npmjs.org/@rollup/rollup-win32-x64-gnu/-/rollup-win32-x64-gnu-4.55.1.tgz 0ms (cache hit)
1194 http cache @types/estree@https://registry.npmjs.org/@types/estree/-/estree-1.0.8.tgz 0ms (cache hit)
1195 http cache nanoid@https://registry.npmjs.org/nanoid/-/nanoid-3.3.11.tgz 0ms (cache hit)
1196 http cache @esbuild/win32-x64@https://registry.npmjs.org/@esbuild/win32-x64/-/win32-x64-0.21.5.tgz 0ms (cache hit)
1197 http cache source-map-js@https://registry.npmjs.org/source-map-js/-/source-map-js-1.2.1.tgz 0ms (cache hit)
1198 http cache rollup@https://registry.npmjs.org/rollup/-/rollup-4.55.1.tgz 0ms (cache hit)
1199 http cache postcss@https://registry.npmjs.org/postcss/-/postcss-8.5.6.tgz 0ms (cache hit)
1200 http cache esbuild@https://registry.npmjs.org/esbuild/-/esbuild-0.21.5.tgz 0ms (cache hit)
1201 http cache require-from-string@https://registry.npmjs.org/require-from-string/-/require-from-string-2.0.2.tgz 0ms (cache hit)
1202 http cache webgl-sdf-generator@https://registry.npmjs.org/webgl-sdf-generator/-/webgl-sdf-generator-1.1.1.tgz 0ms (cache hit)
1203 http cache troika-three-utils@https://registry.npmjs.org/troika-three-utils/-/troika-three-utils-0.52.4.tgz 0ms (cache hit)
1204 http cache troika-worker-utils@https://registry.npmjs.org/troika-worker-utils/-/troika-worker-utils-0.52.0.tgz 0ms (cache hit)
1205 http cache bidi-js@https://registry.npmjs.org/bidi-js/-/bidi-js-1.0.3.tgz 0ms (cache hit)
1206 http cache potpack@https://registry.npmjs.org/potpack/-/potpack-1.0.2.tgz 0ms (cache hit)
1207 http cache draco3d@https://registry.npmjs.org/draco3d/-/draco3d-1.5.7.tgz 0ms (cache hit)
1208 http cache @types/offscreencanvas@https://registry.npmjs.org/@types/offscreencanvas/-/offscreencanvas-2019.7.3.tgz 0ms (cache hit)
1209 http cache @types/draco3d@https://registry.npmjs.org/@types/draco3d/-/draco3d-1.4.10.tgz 0ms (cache hit)
1210 http cache shebang-regex@https://registry.npmjs.org/shebang-regex/-/shebang-regex-3.0.0.tgz 0ms (cache hit)
1211 http cache react-is@https://registry.npmjs.org/react-is/-/react-is-16.13.1.tgz 0ms (cache hit)
1212 http cache escalade@https://registry.npmjs.org/escalade/-/escalade-3.2.0.tgz 0ms (cache hit)
1213 http cache object-assign@https://registry.npmjs.org/object-assign/-/object-assign-4.1.1.tgz 0ms (cache hit)
1214 http cache prop-types@https://registry.npmjs.org/prop-types/-/prop-types-15.8.1.tgz 0ms (cache hit)
1215 http cache loose-envify@https://registry.npmjs.org/loose-envify/-/loose-envify-1.4.0.tgz 0ms (cache hit)
1216 http cache lie@https://registry.npmjs.org/lie/-/lie-3.3.0.tgz 0ms (cache hit)
1217 http cache is-promise@https://registry.npmjs.org/is-promise/-/is-promise-2.2.2.tgz 0ms (cache hit)
1218 http cache yallist@https://registry.npmjs.org/yallist/-/yallist-3.1.1.tgz 0ms (cache hit)
1219 http cache tslib@https://registry.npmjs.org/tslib/-/tslib-2.8.1.tgz 0ms (cache hit)
1220 http cache motion-utils@https://registry.npmjs.org/motion-utils/-/motion-utils-11.18.1.tgz 0ms (cache hit)
1221 http cache motion-dom@https://registry.npmjs.org/motion-dom/-/motion-dom-11.18.1.tgz 0ms (cache hit)
1222 http cache webgl-constants@https://registry.npmjs.org/webgl-constants/-/webgl-constants-1.1.1.tgz 0ms (cache hit)
1223 http cache immediate@https://registry.npmjs.org/immediate/-/immediate-3.0.6.tgz 0ms (cache hit)
1224 http cache ms@https://registry.npmjs.org/ms/-/ms-2.1.3.tgz 0ms (cache hit)
1225 http cache which@https://registry.npmjs.org/which/-/which-2.0.2.tgz 0ms (cache hit)
1226 http cache shebang-command@https://registry.npmjs.org/shebang-command/-/shebang-command-2.0.0.tgz 0ms (cache hit)
1227 http cache ieee754@https://registry.npmjs.org/ieee754/-/ieee754-1.2.1.tgz 0ms (cache hit)
1228 http cache update-browserslist-db@https://registry.npmjs.org/update-browserslist-db/-/update-browserslist-db-1.2.3.tgz 0ms (cache hit)
1229 http cache node-releases@https://registry.npmjs.org/node-releases/-/node-releases-2.0.27.tgz 0ms (cache hit)
1230 http cache path-key@https://registry.npmjs.org/path-key/-/path-key-3.1.1.tgz 0ms (cache hit)
1231 http cache cross-spawn@https://registry.npmjs.org/cross-spawn/-/cross-spawn-7.0.6.tgz 0ms (cache hit)
1232 http cache electron-to-chromium@https://registry.npmjs.org/electron-to-chromium/-/electron-to-chromium-1.5.267.tgz 0ms (cache hit)
1233 http cache @types/babel__traverse@https://registry.npmjs.org/@types/babel__traverse/-/babel__traverse-7.28.0.tgz 0ms (cache hit)
1234 http cache baseline-browser-mapping@https://registry.npmjs.org/baseline-browser-mapping/-/baseline-browser-mapping-2.9.14.tgz 0ms (cache hit)
1235 http cache @types/babel__template@https://registry.npmjs.org/@types/babel__template/-/babel__template-7.4.4.tgz 0ms (cache hit)
1236 http cache @types/babel__generator@https://registry.npmjs.org/@types/babel__generator/-/babel__generator-7.27.0.tgz 0ms (cache hit)
1237 http cache caniuse-lite@https://registry.npmjs.org/caniuse-lite/-/caniuse-lite-1.0.30001764.tgz 0ms (cache hit)
1238 http cache @jridgewell/resolve-uri@https://registry.npmjs.org/@jridgewell/resolve-uri/-/resolve-uri-3.1.2.tgz 0ms (cache hit)
1239 http cache @jridgewell/sourcemap-codec@https://registry.npmjs.org/@jridgewell/sourcemap-codec/-/sourcemap-codec-1.5.5.tgz 0ms (cache hit)
1240 http cache @babel/helper-string-parser@https://registry.npmjs.org/@babel/helper-string-parser/-/helper-string-parser-7.27.1.tgz 0ms (cache hit)
1241 http cache @babel/helper-plugin-utils@https://registry.npmjs.org/@babel/helper-plugin-utils/-/helper-plugin-utils-7.28.6.tgz 0ms (cache hit)
1242 http cache @babel/helper-module-imports@https://registry.npmjs.org/@babel/helper-module-imports/-/helper-module-imports-7.28.6.tgz 0ms (cache hit)
1243 http cache lru-cache@https://registry.npmjs.org/lru-cache/-/lru-cache-5.1.1.tgz 0ms (cache hit)
1244 http cache @babel/helper-globals@https://registry.npmjs.org/@babel/helper-globals/-/helper-globals-7.28.0.tgz 0ms (cache hit)
1245 http cache browserslist@https://registry.npmjs.org/browserslist/-/browserslist-4.28.1.tgz 0ms (cache hit)
1246 http cache @babel/helper-validator-option@https://registry.npmjs.org/@babel/helper-validator-option/-/helper-validator-option-7.27.1.tgz 0ms (cache hit)
1247 http cache @babel/compat-data@https://registry.npmjs.org/@babel/compat-data/-/compat-data-7.28.6.tgz 0ms (cache hit)
1248 http cache @jridgewell/trace-mapping@https://registry.npmjs.org/@jridgewell/trace-mapping/-/trace-mapping-0.3.31.tgz 0ms (cache hit)
1249 http cache @jridgewell/gen-mapping@https://registry.npmjs.org/@jridgewell/gen-mapping/-/gen-mapping-0.3.13.tgz 0ms (cache hit)
1250 http cache js-tokens@https://registry.npmjs.org/js-tokens/-/js-tokens-4.0.0.tgz 0ms (cache hit)
1251 http cache jsesc@https://registry.npmjs.org/jsesc/-/jsesc-3.1.0.tgz 0ms (cache hit)
1252 http cache picocolors@https://registry.npmjs.org/picocolors/-/picocolors-1.1.1.tgz 0ms (cache hit)
1253 http cache @babel/helper-validator-identifier@https://registry.npmjs.org/@babel/helper-validator-identifier/-/helper-validator-identifier-7.28.5.tgz 0ms (cache hit)
1254 http cache semver@https://registry.npmjs.org/semver/-/semver-6.3.1.tgz 0ms (cache hit)
1255 http cache gensync@https://registry.npmjs.org/gensync/-/gensync-1.0.0-beta.2.tgz 0ms (cache hit)
1256 http cache debug@https://registry.npmjs.org/debug/-/debug-4.4.3.tgz 0ms (cache hit)
1257 http cache @jridgewell/remapping@https://registry.npmjs.org/@jridgewell/remapping/-/remapping-2.3.5.tgz 0ms (cache hit)
1258 http cache json5@https://registry.npmjs.org/json5/-/json5-2.2.3.tgz 0ms (cache hit)
1259 http cache convert-source-map@https://registry.npmjs.org/convert-source-map/-/convert-source-map-2.0.0.tgz 0ms (cache hit)
1260 http cache @babel/types@https://registry.npmjs.org/@babel/types/-/types-7.28.6.tgz 0ms (cache hit)
1261 http cache @babel/traverse@https://registry.npmjs.org/@babel/traverse/-/traverse-7.28.6.tgz 0ms (cache hit)
1262 http cache @babel/parser@https://registry.npmjs.org/@babel/parser/-/parser-7.28.6.tgz 0ms (cache hit)
1263 http cache @babel/helpers@https://registry.npmjs.org/@babel/helpers/-/helpers-7.28.6.tgz 0ms (cache hit)
1264 http cache @babel/helper-module-transforms@https://registry.npmjs.org/@babel/helper-module-transforms/-/helper-module-transforms-7.28.6.tgz 0ms (cache hit)
1265 http cache @babel/template@https://registry.npmjs.org/@babel/template/-/template-7.28.6.tgz 0ms (cache hit)
1266 http cache @babel/helper-compilation-targets@https://registry.npmjs.org/@babel/helper-compilation-targets/-/helper-compilation-targets-7.28.6.tgz 0ms (cache hit)
1267 http cache @babel/generator@https://registry.npmjs.org/@babel/generator/-/generator-7.28.6.tgz 0ms (cache hit)
1268 http cache react-refresh@https://registry.npmjs.org/react-refresh/-/react-refresh-0.17.0.tgz 0ms (cache hit)
1269 http cache @types/babel__core@https://registry.npmjs.org/@types/babel__core/-/babel__core-7.20.5.tgz 0ms (cache hit)
1270 http cache @rolldown/pluginutils@https://registry.npmjs.org/@rolldown/pluginutils/-/pluginutils-1.0.0-beta.27.tgz 0ms (cache hit)
1271 http cache @babel/code-frame@https://registry.npmjs.org/@babel/code-frame/-/code-frame-7.28.6.tgz 0ms (cache hit)
1272 http cache @babel/plugin-transform-react-jsx-source@https://registry.npmjs.org/@babel/plugin-transform-react-jsx-source/-/plugin-transform-react-jsx-source-7.27.1.tgz 0ms (cache hit)
1273 http cache @babel/plugin-transform-react-jsx-self@https://registry.npmjs.org/@babel/plugin-transform-react-jsx-self/-/plugin-transform-react-jsx-self-7.27.1.tgz 0ms (cache hit)
1274 http cache @use-gesture/core@https://registry.npmjs.org/@use-gesture/core/-/core-10.3.1.tgz 0ms (cache hit)
1275 http cache meshoptimizer@https://registry.npmjs.org/meshoptimizer/-/meshoptimizer-0.18.1.tgz 0ms (cache hit)
1276 http cache fflate@https://registry.npmjs.org/fflate/-/fflate-0.6.10.tgz 0ms (cache hit)
1277 http cache @babel/core@https://registry.npmjs.org/@babel/core/-/core-7.28.6.tgz 0ms (cache hit)
1278 http cache @types/stats.js@https://registry.npmjs.org/@types/stats.js/-/stats.js-0.17.4.tgz 0ms (cache hit)
1279 http cache @types/prop-types@https://registry.npmjs.org/@types/prop-types/-/prop-types-15.7.15.tgz 0ms (cache hit)
1280 http cache csstype@https://registry.npmjs.org/csstype/-/csstype-3.2.3.tgz 0ms (cache hit)
1281 http cache react-use-measure@https://registry.npmjs.org/react-use-measure/-/react-use-measure-2.1.7.tgz 0ms (cache hit)
1282 http cache react-reconciler@https://registry.npmjs.org/react-reconciler/-/react-reconciler-0.27.0.tgz 0ms (cache hit)
1283 http cache @types/webxr@https://registry.npmjs.org/@types/webxr/-/webxr-0.5.24.tgz 0ms (cache hit)
1284 http cache scheduler@https://registry.npmjs.org/scheduler/-/scheduler-0.21.0.tgz 0ms (cache hit)
1285 http cache its-fine@https://registry.npmjs.org/its-fine/-/its-fine-1.2.5.tgz 0ms (cache hit)
1286 http cache @types/react-reconciler@https://registry.npmjs.org/@types/react-reconciler/-/react-reconciler-0.26.7.tgz 0ms (cache hit)
1287 http cache buffer@https://registry.npmjs.org/buffer/-/buffer-6.0.3.tgz 0ms (cache hit)
1288 http cache @react-spring/types@https://registry.npmjs.org/@react-spring/types/-/types-9.7.5.tgz 0ms (cache hit)
1289 http cache @react-spring/rafz@https://registry.npmjs.org/@react-spring/rafz/-/rafz-9.7.5.tgz 0ms (cache hit)
1290 http cache base64-js@https://registry.npmjs.org/base64-js/-/base64-js-1.5.1.tgz 0ms (cache hit)
1291 http cache @react-spring/shared@https://registry.npmjs.org/@react-spring/shared/-/shared-9.7.5.tgz 0ms (cache hit)
1292 http cache @react-spring/core@https://registry.npmjs.org/@react-spring/core/-/core-9.7.5.tgz 0ms (cache hit)
1293 http cache promise-worker-transferable@https://registry.npmjs.org/promise-worker-transferable/-/promise-worker-transferable-1.0.4.tgz 0ms (cache hit)
1294 http cache utility-types@https://registry.npmjs.org/utility-types/-/utility-types-3.11.0.tgz 0ms (cache hit)
1295 http cache tunnel-rat@https://registry.npmjs.org/tunnel-rat/-/tunnel-rat-0.1.2.tgz 0ms (cache hit)
1296 http cache troika-three-text@https://registry.npmjs.org/troika-three-text/-/troika-three-text-0.52.4.tgz 0ms (cache hit)
1297 http cache three-stdlib@https://registry.npmjs.org/three-stdlib/-/three-stdlib-2.36.1.tgz 0ms (cache hit)
1298 http cache three-mesh-bvh@https://registry.npmjs.org/three-mesh-bvh/-/three-mesh-bvh-0.7.8.tgz 0ms (cache hit)
1299 http cache suspend-react@https://registry.npmjs.org/suspend-react/-/suspend-react-0.1.3.tgz 0ms (cache hit)
1300 http cache stats.js@https://registry.npmjs.org/stats.js/-/stats.js-0.17.0.tgz 0ms (cache hit)
1301 http cache stats-gl@https://registry.npmjs.org/stats-gl/-/stats-gl-2.4.2.tgz 0ms (cache hit)
1302 http cache react-composer@https://registry.npmjs.org/react-composer/-/react-composer-5.0.3.tgz 0ms (cache hit)
1303 http cache meshline@https://registry.npmjs.org/meshline/-/meshline-3.3.1.tgz 0ms (cache hit)
1304 http cache maath@https://registry.npmjs.org/maath/-/maath-0.10.8.tgz 0ms (cache hit)
1305 http cache @react-spring/animated@https://registry.npmjs.org/@react-spring/animated/-/animated-9.7.5.tgz 0ms (cache hit)
1306 http cache hls.js@https://registry.npmjs.org/hls.js/-/hls.js-1.6.15.tgz 0ms (cache hit)
1307 http cache glsl-noise@https://registry.npmjs.org/glsl-noise/-/glsl-noise-0.0.0.tgz 0ms (cache hit)
1308 http cache @use-gesture/react@https://registry.npmjs.org/@use-gesture/react/-/react-10.3.1.tgz 0ms (cache hit)
1309 http cache detect-gpu@https://registry.npmjs.org/detect-gpu/-/detect-gpu-5.0.70.tgz 0ms (cache hit)
1310 http cache cross-env@https://registry.npmjs.org/cross-env/-/cross-env-7.0.3.tgz 0ms (cache hit)
1311 http cache camera-controls@https://registry.npmjs.org/camera-controls/-/camera-controls-2.10.1.tgz 0ms (cache hit)
1312 http cache @react-spring/three@https://registry.npmjs.org/@react-spring/three/-/three-9.7.5.tgz 0ms (cache hit)
1313 http cache @monogrid/gainmap-js@https://registry.npmjs.org/@monogrid/gainmap-js/-/gainmap-js-3.4.0.tgz 0ms (cache hit)
1314 http cache @babel/runtime@https://registry.npmjs.org/@babel/runtime/-/runtime-7.28.6.tgz 0ms (cache hit)
1315 http cache @mediapipe/tasks-vision@https://registry.npmjs.org/@mediapipe/tasks-vision/-/tasks-vision-0.10.17.tgz 0ms (cache hit)
1316 http cache zustand@https://registry.npmjs.org/zustand/-/zustand-4.5.7.tgz 0ms (cache hit)
1317 http cache uuid@https://registry.npmjs.org/uuid/-/uuid-9.0.1.tgz 0ms (cache hit)
1318 http cache typescript@https://registry.npmjs.org/typescript/-/typescript-5.9.3.tgz 0ms (cache hit)
1319 http cache framer-motion@https://registry.npmjs.org/framer-motion/-/framer-motion-11.18.2.tgz 0ms (cache hit)
1320 http cache @vitejs/plugin-react@https://registry.npmjs.org/@vitejs/plugin-react/-/plugin-react-4.7.0.tgz 0ms (cache hit)
1321 http cache vite@https://registry.npmjs.org/vite/-/vite-5.4.21.tgz 0ms (cache hit)
1322 http cache @types/uuid@https://registry.npmjs.org/@types/uuid/-/uuid-9.0.8.tgz 0ms (cache hit)
1323 http cache @react-three/fiber@https://registry.npmjs.org/@react-three/fiber/-/fiber-8.18.0.tgz 0ms (cache hit)
1324 http cache three@https://registry.npmjs.org/three/-/three-0.160.1.tgz 0ms (cache hit)
1325 http cache react@https://registry.npmjs.org/react/-/react-18.3.1.tgz 0ms (cache hit)
1326 http cache @react-three/drei@https://registry.npmjs.org/@react-three/drei/-/drei-9.122.0.tgz 0ms (cache hit)
1327 http cache @types/three@https://registry.npmjs.org/@types/three/-/three-0.160.0.tgz 0ms (cache hit)
1328 http cache @types/react-dom@https://registry.npmjs.org/@types/react-dom/-/react-dom-18.3.7.tgz 0ms (cache hit)
1329 http cache @types/react@https://registry.npmjs.org/@types/react/-/react-18.3.27.tgz 0ms (cache hit)
1330 http cache @types/react-reconciler@https://registry.npmjs.org/@types/react-reconciler/-/react-reconciler-0.28.9.tgz 0ms (cache hit)
1331 http cache three@https://registry.npmjs.org/three/-/three-0.170.0.tgz 0ms (cache hit)
1332 http cache zustand@https://registry.npmjs.org/zustand/-/zustand-3.7.2.tgz 0ms (cache hit)
1333 http cache scheduler@https://registry.npmjs.org/scheduler/-/scheduler-0.23.2.tgz 0ms (cache hit)
1334 http cache react-dom@https://registry.npmjs.org/react-dom/-/react-dom-18.3.1.tgz 0ms (cache hit)
1335 silly tarball no local data for use-sync-external-store@https://registry.npmjs.org/use-sync-external-store/-/use-sync-external-store-1.6.0.tgz. Extracting by manifest.
1336 http cache zustand@https://registry.npmjs.org/zustand/-/zustand-5.0.10.tgz 0ms (cache hit)
1337 silly tarball no local data for @rollup/rollup-win32-x64-msvc@https://registry.npmjs.org/@rollup/rollup-win32-x64-msvc/-/rollup-win32-x64-msvc-4.55.1.tgz. Extracting by manifest.
1338 silly tarball no local data for isexe@https://registry.npmjs.org/isexe/-/isexe-2.0.0.tgz. Extracting by manifest.
1339 silly tarball no local data for @rollup/rollup-win32-x64-gnu@https://registry.npmjs.org/@rollup/rollup-win32-x64-gnu/-/rollup-win32-x64-gnu-4.55.1.tgz. Extracting by manifest.
1340 silly tarball no local data for @types/estree@https://registry.npmjs.org/@types/estree/-/estree-1.0.8.tgz. Extracting by manifest.
1341 silly tarball no local data for nanoid@https://registry.npmjs.org/nanoid/-/nanoid-3.3.11.tgz. Extracting by manifest.
1342 silly tarball no local data for @esbuild/win32-x64@https://registry.npmjs.org/@esbuild/win32-x64/-/win32-x64-0.21.5.tgz. Extracting by manifest.
1343 silly tarball no local data for source-map-js@https://registry.npmjs.org/source-map-js/-/source-map-js-1.2.1.tgz. Extracting by manifest.
1344 silly tarball no local data for rollup@https://registry.npmjs.org/rollup/-/rollup-4.55.1.tgz. Extracting by manifest.
1345 silly tarball no local data for postcss@https://registry.npmjs.org/postcss/-/postcss-8.5.6.tgz. Extracting by manifest.
1346 silly tarball no local data for esbuild@https://registry.npmjs.org/esbuild/-/esbuild-0.21.5.tgz. Extracting by manifest.
1347 silly tarball no local data for require-from-string@https://registry.npmjs.org/require-from-string/-/require-from-string-2.0.2.tgz. Extracting by manifest.
1348 silly tarball no local data for webgl-sdf-generator@https://registry.npmjs.org/webgl-sdf-generator/-/webgl-sdf-generator-1.1.1.tgz. Extracting by manifest.
1349 silly tarball no local data for troika-three-utils@https://registry.npmjs.org/troika-three-utils/-/troika-three-utils-0.52.4.tgz. Extracting by manifest.
1350 silly tarball no local data for troika-worker-utils@https://registry.npmjs.org/troika-worker-utils/-/troika-worker-utils-0.52.0.tgz. Extracting by manifest.
1351 silly tarball no local data for bidi-js@https://registry.npmjs.org/bidi-js/-/bidi-js-1.0.3.tgz. Extracting by manifest.
1352 silly tarball no local data for potpack@https://registry.npmjs.org/potpack/-/potpack-1.0.2.tgz. Extracting by manifest.
1353 silly tarball no local data for draco3d@https://registry.npmjs.org/draco3d/-/draco3d-1.5.7.tgz. Extracting by manifest.
1354 silly tarball no local data for @types/offscreencanvas@https://registry.npmjs.org/@types/offscreencanvas/-/offscreencanvas-2019.7.3.tgz. Extracting by manifest.
1355 silly tarball no local data for @types/draco3d@https://registry.npmjs.org/@types/draco3d/-/draco3d-1.4.10.tgz. Extracting by manifest.
1356 silly tarball no local data for shebang-regex@https://registry.npmjs.org/shebang-regex/-/shebang-regex-3.0.0.tgz. Extracting by manifest.
1357 silly tarball no local data for react-is@https://registry.npmjs.org/react-is/-/react-is-16.13.1.tgz. Extracting by manifest.
1358 silly tarball no local data for escalade@https://registry.npmjs.org/escalade/-/escalade-3.2.0.tgz. Extracting by manifest.
1359 silly tarball no local data for object-assign@https://registry.npmjs.org/object-assign/-/object-assign-4.1.1.tgz. Extracting by manifest.
1360 silly tarball no local data for prop-types@https://registry.npmjs.org/prop-types/-/prop-types-15.8.1.tgz. Extracting by manifest.
1361 silly tarball no local data for loose-envify@https://registry.npmjs.org/loose-envify/-/loose-envify-1.4.0.tgz. Extracting by manifest.
1362 silly tarball no local data for lie@https://registry.npmjs.org/lie/-/lie-3.3.0.tgz. Extracting by manifest.
1363 silly tarball no local data for is-promise@https://registry.npmjs.org/is-promise/-/is-promise-2.2.2.tgz. Extracting by manifest.
1364 silly tarball no local data for yallist@https://registry.npmjs.org/yallist/-/yallist-3.1.1.tgz. Extracting by manifest.
1365 silly tarball no local data for tslib@https://registry.npmjs.org/tslib/-/tslib-2.8.1.tgz. Extracting by manifest.
1366 silly tarball no local data for motion-utils@https://registry.npmjs.org/motion-utils/-/motion-utils-11.18.1.tgz. Extracting by manifest.
1367 silly tarball no local data for motion-dom@https://registry.npmjs.org/motion-dom/-/motion-dom-11.18.1.tgz. Extracting by manifest.
1368 silly tarball no local data for webgl-constants@https://registry.npmjs.org/webgl-constants/-/webgl-constants-1.1.1.tgz. Extracting by manifest.
1369 silly tarball no local data for immediate@https://registry.npmjs.org/immediate/-/immediate-3.0.6.tgz. Extracting by manifest.
1370 silly tarball no local data for ms@https://registry.npmjs.org/ms/-/ms-2.1.3.tgz. Extracting by manifest.
1371 silly tarball no local data for which@https://registry.npmjs.org/which/-/which-2.0.2.tgz. Extracting by manifest.
1372 silly tarball no local data for shebang-command@https://registry.npmjs.org/shebang-command/-/shebang-command-2.0.0.tgz. Extracting by manifest.
1373 silly tarball no local data for ieee754@https://registry.npmjs.org/ieee754/-/ieee754-1.2.1.tgz. Extracting by manifest.
1374 silly tarball no local data for update-browserslist-db@https://registry.npmjs.org/update-browserslist-db/-/update-browserslist-db-1.2.3.tgz. Extracting by manifest.
1375 silly tarball no local data for node-releases@https://registry.npmjs.org/node-releases/-/node-releases-2.0.27.tgz. Extracting by manifest.
1376 silly tarball no local data for path-key@https://registry.npmjs.org/path-key/-/path-key-3.1.1.tgz. Extracting by manifest.
1377 silly tarball no local data for cross-spawn@https://registry.npmjs.org/cross-spawn/-/cross-spawn-7.0.6.tgz. Extracting by manifest.
1378 silly tarball no local data for electron-to-chromium@https://registry.npmjs.org/electron-to-chromium/-/electron-to-chromium-1.5.267.tgz. Extracting by manifest.
1379 silly tarball no local data for @types/babel__traverse@https://registry.npmjs.org/@types/babel__traverse/-/babel__traverse-7.28.0.tgz. Extracting by manifest.
1380 silly tarball no local data for baseline-browser-mapping@https://registry.npmjs.org/baseline-browser-mapping/-/baseline-browser-mapping-2.9.14.tgz. Extracting by manifest.
1381 silly tarball no local data for @types/babel__template@https://registry.npmjs.org/@types/babel__template/-/babel__template-7.4.4.tgz. Extracting by manifest.
1382 silly tarball no local data for @types/babel__generator@https://registry.npmjs.org/@types/babel__generator/-/babel__generator-7.27.0.tgz. Extracting by manifest.
1383 silly tarball no local data for caniuse-lite@https://registry.npmjs.org/caniuse-lite/-/caniuse-lite-1.0.30001764.tgz. Extracting by manifest.
1384 silly tarball no local data for @jridgewell/resolve-uri@https://registry.npmjs.org/@jridgewell/resolve-uri/-/resolve-uri-3.1.2.tgz. Extracting by manifest.
1385 silly tarball no local data for @jridgewell/sourcemap-codec@https://registry.npmjs.org/@jridgewell/sourcemap-codec/-/sourcemap-codec-1.5.5.tgz. Extracting by manifest.
1386 silly tarball no local data for @babel/helper-string-parser@https://registry.npmjs.org/@babel/helper-string-parser/-/helper-string-parser-7.27.1.tgz. Extracting by manifest.
1387 silly tarball no local data for @babel/helper-plugin-utils@https://registry.npmjs.org/@babel/helper-plugin-utils/-/helper-plugin-utils-7.28.6.tgz. Extracting by manifest.
1388 silly tarball no local data for @babel/helper-module-imports@https://registry.npmjs.org/@babel/helper-module-imports/-/helper-module-imports-7.28.6.tgz. Extracting by manifest.
1389 silly tarball no local data for lru-cache@https://registry.npmjs.org/lru-cache/-/lru-cache-5.1.1.tgz. Extracting by manifest.
1390 silly tarball no local data for @babel/helper-globals@https://registry.npmjs.org/@babel/helper-globals/-/helper-globals-7.28.0.tgz. Extracting by manifest.
1391 silly tarball no local data for browserslist@https://registry.npmjs.org/browserslist/-/browserslist-4.28.1.tgz. Extracting by manifest.
1392 silly tarball no local data for @babel/helper-validator-option@https://registry.npmjs.org/@babel/helper-validator-option/-/helper-validator-option-7.27.1.tgz. Extracting by manifest.
1393 silly tarball no local data for @babel/compat-data@https://registry.npmjs.org/@babel/compat-data/-/compat-data-7.28.6.tgz. Extracting by manifest.
1394 silly tarball no local data for @jridgewell/trace-mapping@https://registry.npmjs.org/@jridgewell/trace-mapping/-/trace-mapping-0.3.31.tgz. Extracting by manifest.
1395 silly tarball no local data for @jridgewell/gen-mapping@https://registry.npmjs.org/@jridgewell/gen-mapping/-/gen-mapping-0.3.13.tgz. Extracting by manifest.
1396 silly tarball no local data for js-tokens@https://registry.npmjs.org/js-tokens/-/js-tokens-4.0.0.tgz. Extracting by manifest.
1397 silly tarball no local data for jsesc@https://registry.npmjs.org/jsesc/-/jsesc-3.1.0.tgz. Extracting by manifest.
1398 silly tarball no local data for picocolors@https://registry.npmjs.org/picocolors/-/picocolors-1.1.1.tgz. Extracting by manifest.
1399 silly tarball no local data for @babel/helper-validator-identifier@https://registry.npmjs.org/@babel/helper-validator-identifier/-/helper-validator-identifier-7.28.5.tgz. Extracting by manifest.
1400 silly tarball no local data for semver@https://registry.npmjs.org/semver/-/semver-6.3.1.tgz. Extracting by manifest.
1401 silly tarball no local data for gensync@https://registry.npmjs.org/gensync/-/gensync-1.0.0-beta.2.tgz. Extracting by manifest.
1402 silly tarball no local data for debug@https://registry.npmjs.org/debug/-/debug-4.4.3.tgz. Extracting by manifest.
1403 silly tarball no local data for @jridgewell/remapping@https://registry.npmjs.org/@jridgewell/remapping/-/remapping-2.3.5.tgz. Extracting by manifest.
1404 silly tarball no local data for json5@https://registry.npmjs.org/json5/-/json5-2.2.3.tgz. Extracting by manifest.
1405 silly tarball no local data for convert-source-map@https://registry.npmjs.org/convert-source-map/-/convert-source-map-2.0.0.tgz. Extracting by manifest.
1406 silly tarball no local data for @babel/types@https://registry.npmjs.org/@babel/types/-/types-7.28.6.tgz. Extracting by manifest.
1407 silly tarball no local data for @babel/traverse@https://registry.npmjs.org/@babel/traverse/-/traverse-7.28.6.tgz. Extracting by manifest.
1408 silly tarball no local data for @babel/parser@https://registry.npmjs.org/@babel/parser/-/parser-7.28.6.tgz. Extracting by manifest.
1409 silly tarball no local data for @babel/helpers@https://registry.npmjs.org/@babel/helpers/-/helpers-7.28.6.tgz. Extracting by manifest.
1410 silly tarball no local data for @babel/helper-module-transforms@https://registry.npmjs.org/@babel/helper-module-transforms/-/helper-module-transforms-7.28.6.tgz. Extracting by manifest.
1411 silly tarball no local data for @babel/template@https://registry.npmjs.org/@babel/template/-/template-7.28.6.tgz. Extracting by manifest.
1412 silly tarball no local data for @babel/helper-compilation-targets@https://registry.npmjs.org/@babel/helper-compilation-targets/-/helper-compilation-targets-7.28.6.tgz. Extracting by manifest.
1413 silly tarball no local data for @babel/generator@https://registry.npmjs.org/@babel/generator/-/generator-7.28.6.tgz. Extracting by manifest.
1414 silly tarball no local data for react-refresh@https://registry.npmjs.org/react-refresh/-/react-refresh-0.17.0.tgz. Extracting by manifest.
1415 silly tarball no local data for @types/babel__core@https://registry.npmjs.org/@types/babel__core/-/babel__core-7.20.5.tgz. Extracting by manifest.
1416 silly tarball no local data for @rolldown/pluginutils@https://registry.npmjs.org/@rolldown/pluginutils/-/pluginutils-1.0.0-beta.27.tgz. Extracting by manifest.
1417 silly tarball no local data for @babel/code-frame@https://registry.npmjs.org/@babel/code-frame/-/code-frame-7.28.6.tgz. Extracting by manifest.
1418 silly tarball no local data for @babel/plugin-transform-react-jsx-source@https://registry.npmjs.org/@babel/plugin-transform-react-jsx-source/-/plugin-transform-react-jsx-source-7.27.1.tgz. Extracting by manifest.
1419 silly tarball no local data for @babel/plugin-transform-react-jsx-self@https://registry.npmjs.org/@babel/plugin-transform-react-jsx-self/-/plugin-transform-react-jsx-self-7.27.1.tgz. Extracting by manifest.
1420 silly tarball no local data for @use-gesture/core@https://registry.npmjs.org/@use-gesture/core/-/core-10.3.1.tgz. Extracting by manifest.
1421 silly tarball no local data for meshoptimizer@https://registry.npmjs.org/meshoptimizer/-/meshoptimizer-0.18.1.tgz. Extracting by manifest.
1422 silly tarball no local data for fflate@https://registry.npmjs.org/fflate/-/fflate-0.6.10.tgz. Extracting by manifest.
1423 silly tarball no local data for @babel/core@https://registry.npmjs.org/@babel/core/-/core-7.28.6.tgz. Extracting by manifest.
1424 silly tarball no local data for @types/stats.js@https://registry.npmjs.org/@types/stats.js/-/stats.js-0.17.4.tgz. Extracting by manifest.
1425 silly tarball no local data for @types/prop-types@https://registry.npmjs.org/@types/prop-types/-/prop-types-15.7.15.tgz. Extracting by manifest.
1426 silly tarball no local data for csstype@https://registry.npmjs.org/csstype/-/csstype-3.2.3.tgz. Extracting by manifest.
1427 silly tarball no local data for react-use-measure@https://registry.npmjs.org/react-use-measure/-/react-use-measure-2.1.7.tgz. Extracting by manifest.
1428 silly tarball no local data for react-reconciler@https://registry.npmjs.org/react-reconciler/-/react-reconciler-0.27.0.tgz. Extracting by manifest.
1429 silly tarball no local data for @types/webxr@https://registry.npmjs.org/@types/webxr/-/webxr-0.5.24.tgz. Extracting by manifest.
1430 silly tarball no local data for scheduler@https://registry.npmjs.org/scheduler/-/scheduler-0.21.0.tgz. Extracting by manifest.
1431 silly tarball no local data for its-fine@https://registry.npmjs.org/its-fine/-/its-fine-1.2.5.tgz. Extracting by manifest.
1432 silly tarball no local data for @types/react-reconciler@https://registry.npmjs.org/@types/react-reconciler/-/react-reconciler-0.26.7.tgz. Extracting by manifest.
1433 silly tarball no local data for buffer@https://registry.npmjs.org/buffer/-/buffer-6.0.3.tgz. Extracting by manifest.
1434 silly tarball no local data for @react-spring/types@https://registry.npmjs.org/@react-spring/types/-/types-9.7.5.tgz. Extracting by manifest.
1435 silly tarball no local data for @react-spring/rafz@https://registry.npmjs.org/@react-spring/rafz/-/rafz-9.7.5.tgz. Extracting by manifest.
1436 silly tarball no local data for base64-js@https://registry.npmjs.org/base64-js/-/base64-js-1.5.1.tgz. Extracting by manifest.
1437 silly tarball no local data for @react-spring/shared@https://registry.npmjs.org/@react-spring/shared/-/shared-9.7.5.tgz. Extracting by manifest.
1438 silly tarball no local data for @react-spring/core@https://registry.npmjs.org/@react-spring/core/-/core-9.7.5.tgz. Extracting by manifest.
1439 silly tarball no local data for promise-worker-transferable@https://registry.npmjs.org/promise-worker-transferable/-/promise-worker-transferable-1.0.4.tgz. Extracting by manifest.
1440 silly tarball no local data for utility-types@https://registry.npmjs.org/utility-types/-/utility-types-3.11.0.tgz. Extracting by manifest.
1441 silly tarball no local data for tunnel-rat@https://registry.npmjs.org/tunnel-rat/-/tunnel-rat-0.1.2.tgz. Extracting by manifest.
1442 silly tarball no local data for troika-three-text@https://registry.npmjs.org/troika-three-text/-/troika-three-text-0.52.4.tgz. Extracting by manifest.
1443 silly tarball no local data for three-stdlib@https://registry.npmjs.org/three-stdlib/-/three-stdlib-2.36.1.tgz. Extracting by manifest.
1444 silly tarball no local data for three-mesh-bvh@https://registry.npmjs.org/three-mesh-bvh/-/three-mesh-bvh-0.7.8.tgz. Extracting by manifest.
1445 silly tarball no local data for suspend-react@https://registry.npmjs.org/suspend-react/-/suspend-react-0.1.3.tgz. Extracting by manifest.
1446 silly tarball no local data for stats.js@https://registry.npmjs.org/stats.js/-/stats.js-0.17.0.tgz. Extracting by manifest.
1447 silly tarball no local data for stats-gl@https://registry.npmjs.org/stats-gl/-/stats-gl-2.4.2.tgz. Extracting by manifest.
1448 silly tarball no local data for react-composer@https://registry.npmjs.org/react-composer/-/react-composer-5.0.3.tgz. Extracting by manifest.
1449 silly tarball no local data for meshline@https://registry.npmjs.org/meshline/-/meshline-3.3.1.tgz. Extracting by manifest.
1450 silly tarball no local data for maath@https://registry.npmjs.org/maath/-/maath-0.10.8.tgz. Extracting by manifest.
1451 silly tarball no local data for @react-spring/animated@https://registry.npmjs.org/@react-spring/animated/-/animated-9.7.5.tgz. Extracting by manifest.
1452 silly tarball no local data for hls.js@https://registry.npmjs.org/hls.js/-/hls.js-1.6.15.tgz. Extracting by manifest.
1453 silly tarball no local data for glsl-noise@https://registry.npmjs.org/glsl-noise/-/glsl-noise-0.0.0.tgz. Extracting by manifest.
1454 silly tarball no local data for @use-gesture/react@https://registry.npmjs.org/@use-gesture/react/-/react-10.3.1.tgz. Extracting by manifest.
1455 silly tarball no local data for detect-gpu@https://registry.npmjs.org/detect-gpu/-/detect-gpu-5.0.70.tgz. Extracting by manifest.
1456 silly tarball no local data for cross-env@https://registry.npmjs.org/cross-env/-/cross-env-7.0.3.tgz. Extracting by manifest.
1457 silly tarball no local data for camera-controls@https://registry.npmjs.org/camera-controls/-/camera-controls-2.10.1.tgz. Extracting by manifest.
1458 silly tarball no local data for @react-spring/three@https://registry.npmjs.org/@react-spring/three/-/three-9.7.5.tgz. Extracting by manifest.
1459 silly tarball no local data for @monogrid/gainmap-js@https://registry.npmjs.org/@monogrid/gainmap-js/-/gainmap-js-3.4.0.tgz. Extracting by manifest.
1460 silly tarball no local data for @babel/runtime@https://registry.npmjs.org/@babel/runtime/-/runtime-7.28.6.tgz. Extracting by manifest.
1461 silly tarball no local data for @mediapipe/tasks-vision@https://registry.npmjs.org/@mediapipe/tasks-vision/-/tasks-vision-0.10.17.tgz. Extracting by manifest.
1462 silly tarball no local data for zustand@https://registry.npmjs.org/zustand/-/zustand-4.5.7.tgz. Extracting by manifest.
1463 silly tarball no local data for uuid@https://registry.npmjs.org/uuid/-/uuid-9.0.1.tgz. Extracting by manifest.
1464 silly tarball no local data for typescript@https://registry.npmjs.org/typescript/-/typescript-5.9.3.tgz. Extracting by manifest.
1465 silly tarball no local data for framer-motion@https://registry.npmjs.org/framer-motion/-/framer-motion-11.18.2.tgz. Extracting by manifest.
1466 silly tarball no local data for @vitejs/plugin-react@https://registry.npmjs.org/@vitejs/plugin-react/-/plugin-react-4.7.0.tgz. Extracting by manifest.
1467 silly tarball no local data for vite@https://registry.npmjs.org/vite/-/vite-5.4.21.tgz. Extracting by manifest.
1468 silly tarball no local data for @types/uuid@https://registry.npmjs.org/@types/uuid/-/uuid-9.0.8.tgz. Extracting by manifest.
1469 silly tarball no local data for @react-three/fiber@https://registry.npmjs.org/@react-three/fiber/-/fiber-8.18.0.tgz. Extracting by manifest.
1470 silly tarball no local data for three@https://registry.npmjs.org/three/-/three-0.160.1.tgz. Extracting by manifest.
1471 silly tarball no local data for react@https://registry.npmjs.org/react/-/react-18.3.1.tgz. Extracting by manifest.
1472 silly tarball no local data for @react-three/drei@https://registry.npmjs.org/@react-three/drei/-/drei-9.122.0.tgz. Extracting by manifest.
1473 silly tarball no local data for @types/three@https://registry.npmjs.org/@types/three/-/three-0.160.0.tgz. Extracting by manifest.
1474 silly tarball no local data for @types/react-dom@https://registry.npmjs.org/@types/react-dom/-/react-dom-18.3.7.tgz. Extracting by manifest.
1475 silly tarball no local data for @types/react@https://registry.npmjs.org/@types/react/-/react-18.3.27.tgz. Extracting by manifest.
1476 silly tarball no local data for @types/react-reconciler@https://registry.npmjs.org/@types/react-reconciler/-/react-reconciler-0.28.9.tgz. Extracting by manifest.
1477 silly tarball no local data for three@https://registry.npmjs.org/three/-/three-0.170.0.tgz. Extracting by manifest.
1478 silly tarball no local data for zustand@https://registry.npmjs.org/zustand/-/zustand-3.7.2.tgz. Extracting by manifest.
1479 silly tarball no local data for scheduler@https://registry.npmjs.org/scheduler/-/scheduler-0.23.2.tgz. Extracting by manifest.
1480 silly tarball no local data for react-dom@https://registry.npmjs.org/react-dom/-/react-dom-18.3.1.tgz. Extracting by manifest.
1481 silly tarball no local data for zustand@https://registry.npmjs.org/zustand/-/zustand-5.0.10.tgz. Extracting by manifest.
1482 http fetch GET 200 https://registry.npmjs.org/nanoid/-/nanoid-3.3.11.tgz 107ms (cache miss)
1483 http fetch GET 200 https://registry.npmjs.org/use-sync-external-store/-/use-sync-external-store-1.6.0.tgz 110ms (cache miss)
1484 http fetch GET 200 https://registry.npmjs.org/isexe/-/isexe-2.0.0.tgz 111ms (cache miss)
1485 http fetch GET 200 https://registry.npmjs.org/require-from-string/-/require-from-string-2.0.2.tgz 111ms (cache miss)
1486 http fetch GET 200 https://registry.npmjs.org/@types/estree/-/estree-1.0.8.tgz 115ms (cache miss)
1487 http fetch GET 200 https://registry.npmjs.org/esbuild/-/esbuild-0.21.5.tgz 129ms (cache miss)
1488 http fetch GET 200 https://registry.npmjs.org/potpack/-/potpack-1.0.2.tgz 131ms (cache miss)
1489 http fetch GET 200 https://registry.npmjs.org/shebang-regex/-/shebang-regex-3.0.0.tgz 143ms (cache miss)
1490 http fetch GET 200 https://registry.npmjs.org/react-is/-/react-is-16.13.1.tgz 144ms (cache miss)
1491 http fetch GET 200 https://registry.npmjs.org/webgl-sdf-generator/-/webgl-sdf-generator-1.1.1.tgz 176ms (cache miss)
1492 http fetch GET 200 https://registry.npmjs.org/troika-three-utils/-/troika-three-utils-0.52.4.tgz 177ms (cache miss)
1493 http fetch GET 200 https://registry.npmjs.org/source-map-js/-/source-map-js-1.2.1.tgz 181ms (cache miss)
1494 http fetch GET 200 https://registry.npmjs.org/loose-envify/-/loose-envify-1.4.0.tgz 181ms (cache miss)
1495 http fetch GET 200 https://registry.npmjs.org/troika-worker-utils/-/troika-worker-utils-0.52.0.tgz 185ms (cache miss)
1496 http fetch GET 200 https://registry.npmjs.org/object-assign/-/object-assign-4.1.1.tgz 185ms (cache miss)
1497 http fetch POST 200 https://registry.npmjs.org/-/npm/v1/security/advisories/bulk 231ms
1498 silly audit report {
1498 silly audit report   esbuild: [
1498 silly audit report     {
1498 silly audit report       id: 1102341,
1498 silly audit report       url: 'https://github.com/advisories/GHSA-67mh-4wv8-2f99',
1498 silly audit report       title: 'esbuild enables any website to send any requests to the development server and read the response',
1498 silly audit report       severity: 'moderate',
1498 silly audit report       vulnerable_versions: '<=0.24.2',
1498 silly audit report       cwe: [Array],
1498 silly audit report       cvss: [Object]
1498 silly audit report     }
1498 silly audit report   ]
1498 silly audit report }
1499 silly packumentCache corgi:https://registry.npmjs.org/esbuild cache-miss
1500 http fetch GET 200 https://registry.npmjs.org/lie/-/lie-3.3.0.tgz 201ms (cache miss)
1501 http fetch GET 200 https://registry.npmjs.org/yallist/-/yallist-3.1.1.tgz 201ms (cache miss)
1502 http fetch GET 200 https://registry.npmjs.org/is-promise/-/is-promise-2.2.2.tgz 202ms (cache miss)
1503 http fetch GET 200 https://registry.npmjs.org/escalade/-/escalade-3.2.0.tgz 205ms (cache miss)
1504 http fetch GET 200 https://registry.npmjs.org/bidi-js/-/bidi-js-1.0.3.tgz 210ms (cache miss)
1505 http fetch GET 200 https://registry.npmjs.org/prop-types/-/prop-types-15.8.1.tgz 240ms (cache miss)
1506 http fetch GET 200 https://registry.npmjs.org/draco3d/-/draco3d-1.5.7.tgz 247ms (cache miss)
1507 http fetch GET 200 https://registry.npmjs.org/immediate/-/immediate-3.0.6.tgz 248ms (cache miss)
1508 http fetch GET 200 https://registry.npmjs.org/shebang-command/-/shebang-command-2.0.0.tgz 248ms (cache miss)
1509 http fetch GET 200 https://registry.npmjs.org/motion-utils/-/motion-utils-11.18.1.tgz 250ms (cache miss)
1510 http fetch GET 200 https://registry.npmjs.org/ieee754/-/ieee754-1.2.1.tgz 249ms (cache miss)
1511 http fetch GET 200 https://registry.npmjs.org/tslib/-/tslib-2.8.1.tgz 253ms (cache miss)
1512 http fetch GET 200 https://registry.npmjs.org/node-releases/-/node-releases-2.0.27.tgz 255ms (cache miss)
1513 http fetch GET 200 https://registry.npmjs.org/update-browserslist-db/-/update-browserslist-db-1.2.3.tgz 255ms (cache miss)
1514 http fetch GET 200 https://registry.npmjs.org/which/-/which-2.0.2.tgz 258ms (cache miss)
1515 http fetch GET 200 https://registry.npmjs.org/ms/-/ms-2.1.3.tgz 260ms (cache miss)
1516 http fetch GET 200 https://registry.npmjs.org/path-key/-/path-key-3.1.1.tgz 273ms (cache miss)
1517 http fetch GET 200 https://registry.npmjs.org/@types/babel__traverse/-/babel__traverse-7.28.0.tgz 292ms (cache miss)
1518 http fetch GET 200 https://registry.npmjs.org/cross-spawn/-/cross-spawn-7.0.6.tgz 295ms (cache miss)
1519 http fetch GET 200 https://registry.npmjs.org/@types/babel__template/-/babel__template-7.4.4.tgz 297ms (cache miss)
1520 http fetch GET 200 https://registry.npmjs.org/@types/babel__generator/-/babel__generator-7.27.0.tgz 311ms (cache miss)
1521 http fetch GET 200 https://registry.npmjs.org/electron-to-chromium/-/electron-to-chromium-1.5.267.tgz 313ms (cache miss)
1522 http fetch GET 200 https://registry.npmjs.org/baseline-browser-mapping/-/baseline-browser-mapping-2.9.14.tgz 314ms (cache miss)
1523 http fetch GET 200 https://registry.npmjs.org/@types/offscreencanvas/-/offscreencanvas-2019.7.3.tgz 322ms (cache miss)
1524 http fetch GET 200 https://registry.npmjs.org/webgl-constants/-/webgl-constants-1.1.1.tgz 323ms (cache miss)
1525 http fetch GET 200 https://registry.npmjs.org/@types/draco3d/-/draco3d-1.4.10.tgz 343ms (cache miss)
1526 http fetch GET 200 https://registry.npmjs.org/@babel/helper-string-parser/-/helper-string-parser-7.27.1.tgz 349ms (cache miss)
1527 http fetch GET 200 https://registry.npmjs.org/lru-cache/-/lru-cache-5.1.1.tgz 354ms (cache miss)
1528 http fetch GET 200 https://registry.npmjs.org/@babel/helper-plugin-utils/-/helper-plugin-utils-7.28.6.tgz 357ms (cache miss)
1529 http fetch GET 200 https://registry.npmjs.org/@babel/helper-globals/-/helper-globals-7.28.0.tgz 357ms (cache miss)
1530 http fetch GET 200 https://registry.npmjs.org/@babel/helper-validator-option/-/helper-validator-option-7.27.1.tgz 369ms (cache miss)
1531 http fetch GET 200 https://registry.npmjs.org/@jridgewell/resolve-uri/-/resolve-uri-3.1.2.tgz 374ms (cache miss)
1532 http fetch GET 200 https://registry.npmjs.org/postcss/-/postcss-8.5.6.tgz 389ms (cache miss)
1533 http fetch GET 200 https://registry.npmjs.org/browserslist/-/browserslist-4.28.1.tgz 380ms (cache miss)
1534 http fetch GET 200 https://registry.npmjs.org/picocolors/-/picocolors-1.1.1.tgz 389ms (cache miss)
1535 http fetch GET 200 https://registry.npmjs.org/jsesc/-/jsesc-3.1.0.tgz 390ms (cache miss)
1536 http fetch GET 200 https://registry.npmjs.org/js-tokens/-/js-tokens-4.0.0.tgz 393ms (cache miss)
1537 http fetch GET 200 https://registry.npmjs.org/rollup/-/rollup-4.55.1.tgz 412ms (cache miss)
1538 http fetch GET 200 https://registry.npmjs.org/debug/-/debug-4.4.3.tgz 401ms (cache miss)
1539 http fetch GET 200 https://registry.npmjs.org/gensync/-/gensync-1.0.0-beta.2.tgz 401ms (cache miss)
1540 http fetch GET 200 https://registry.npmjs.org/@babel/helper-module-imports/-/helper-module-imports-7.28.6.tgz 410ms (cache miss)
1541 http fetch GET 200 https://registry.npmjs.org/semver/-/semver-6.3.1.tgz 415ms (cache miss)
1542 http fetch GET 200 https://registry.npmjs.org/@babel/helper-validator-identifier/-/helper-validator-identifier-7.28.5.tgz 424ms (cache miss)
1543 http fetch GET 200 https://registry.npmjs.org/@rollup/rollup-win32-x64-gnu/-/rollup-win32-x64-gnu-4.55.1.tgz 446ms (cache miss)
1544 http fetch GET 200 https://registry.npmjs.org/convert-source-map/-/convert-source-map-2.0.0.tgz 448ms (cache miss)
1545 http fetch GET 200 https://registry.npmjs.org/react-refresh/-/react-refresh-0.17.0.tgz 457ms (cache miss)
1546 http fetch GET 200 https://registry.npmjs.org/@jridgewell/sourcemap-codec/-/sourcemap-codec-1.5.5.tgz 473ms (cache miss)
1547 http fetch GET 200 https://registry.npmjs.org/@rollup/rollup-win32-x64-msvc/-/rollup-win32-x64-msvc-4.55.1.tgz 502ms (cache miss)
1548 http fetch GET 200 https://registry.npmjs.org/@types/babel__core/-/babel__core-7.20.5.tgz 487ms (cache miss)
1549 http fetch GET 200 https://registry.npmjs.org/@rolldown/pluginutils/-/pluginutils-1.0.0-beta.27.tgz 514ms (cache miss)
1550 http fetch GET 200 https://registry.npmjs.org/json5/-/json5-2.2.3.tgz 525ms (cache miss)
1551 http fetch GET 200 https://registry.npmjs.org/@babel/compat-data/-/compat-data-7.28.6.tgz 537ms (cache miss)
1552 http fetch GET 200 https://registry.npmjs.org/@babel/plugin-transform-react-jsx-source/-/plugin-transform-react-jsx-source-7.27.1.tgz 531ms (cache miss)
1553 http fetch GET 200 https://registry.npmjs.org/@babel/code-frame/-/code-frame-7.28.6.tgz 534ms (cache miss)
1554 http fetch GET 200 https://registry.npmjs.org/@babel/plugin-transform-react-jsx-self/-/plugin-transform-react-jsx-self-7.27.1.tgz 535ms (cache miss)
1555 http fetch GET 200 https://registry.npmjs.org/@babel/helper-compilation-targets/-/helper-compilation-targets-7.28.6.tgz 553ms (cache miss)
1556 http fetch GET 200 https://registry.npmjs.org/@babel/helper-module-transforms/-/helper-module-transforms-7.28.6.tgz 555ms (cache miss)
1557 http fetch GET 200 https://registry.npmjs.org/react-use-measure/-/react-use-measure-2.1.7.tgz 555ms (cache miss)
1558 http fetch GET 200 https://registry.npmjs.org/@jridgewell/gen-mapping/-/gen-mapping-0.3.13.tgz 569ms (cache miss)
1559 http fetch GET 200 https://registry.npmjs.org/@jridgewell/remapping/-/remapping-2.3.5.tgz 574ms (cache miss)
1560 http fetch GET 200 https://registry.npmjs.org/@babel/template/-/template-7.28.6.tgz 576ms (cache miss)
1561 http fetch GET 200 https://registry.npmjs.org/buffer/-/buffer-6.0.3.tgz 594ms (cache miss)
1562 http fetch GET 200 https://registry.npmjs.org/base64-js/-/base64-js-1.5.1.tgz 596ms (cache miss)
1563 http fetch GET 200 https://registry.npmjs.org/@babel/parser/-/parser-7.28.6.tgz 610ms (cache miss)
1564 http fetch GET 200 https://registry.npmjs.org/meshoptimizer/-/meshoptimizer-0.18.1.tgz 606ms (cache miss)
1565 http fetch GET 200 https://registry.npmjs.org/its-fine/-/its-fine-1.2.5.tgz 605ms (cache miss)
1566 http fetch GET 200 https://registry.npmjs.org/fflate/-/fflate-0.6.10.tgz 612ms (cache miss)
1567 http fetch GET 200 https://registry.npmjs.org/motion-dom/-/motion-dom-11.18.1.tgz 636ms (cache miss)
1568 http fetch GET 200 https://registry.npmjs.org/utility-types/-/utility-types-3.11.0.tgz 625ms (cache miss)
1569 http fetch GET 200 https://registry.npmjs.org/promise-worker-transferable/-/promise-worker-transferable-1.0.4.tgz 635ms (cache miss)
1570 http fetch GET 200 https://registry.npmjs.org/scheduler/-/scheduler-0.21.0.tgz 639ms (cache miss)
1571 http fetch GET 200 https://registry.npmjs.org/@jridgewell/trace-mapping/-/trace-mapping-0.3.31.tgz 650ms (cache miss)
1572 http fetch GET 200 https://registry.npmjs.org/csstype/-/csstype-3.2.3.tgz 645ms (cache miss)
1573 http fetch GET 200 https://registry.npmjs.org/react-reconciler/-/react-reconciler-0.27.0.tgz 657ms (cache miss)
1574 http fetch GET 200 https://registry.npmjs.org/suspend-react/-/suspend-react-0.1.3.tgz 657ms (cache miss)
1575 http fetch GET 200 https://registry.npmjs.org/stats.js/-/stats.js-0.17.0.tgz 663ms (cache miss)
1576 http fetch GET 200 https://registry.npmjs.org/@esbuild/win32-x64/-/win32-x64-0.21.5.tgz 700ms (cache miss)
1577 http fetch GET 200 https://registry.npmjs.org/stats-gl/-/stats-gl-2.4.2.tgz 679ms (cache miss)
1578 http fetch GET 200 https://registry.npmjs.org/tunnel-rat/-/tunnel-rat-0.1.2.tgz 697ms (cache miss)
1579 http fetch GET 200 https://registry.npmjs.org/react-composer/-/react-composer-5.0.3.tgz 699ms (cache miss)
1580 http fetch GET 200 https://registry.npmjs.org/meshline/-/meshline-3.3.1.tgz 704ms (cache miss)
1581 http fetch GET 200 https://registry.npmjs.org/@types/prop-types/-/prop-types-15.7.15.tgz 737ms (cache miss)
1582 http fetch GET 200 https://registry.npmjs.org/@types/webxr/-/webxr-0.5.24.tgz 765ms (cache miss)
1583 http fetch GET 200 https://registry.npmjs.org/glsl-noise/-/glsl-noise-0.0.0.tgz 760ms (cache miss)
1584 http fetch GET 200 https://registry.npmjs.org/@babel/generator/-/generator-7.28.6.tgz 773ms (cache miss)
1585 http fetch GET 200 https://registry.npmjs.org/troika-three-text/-/troika-three-text-0.52.4.tgz 777ms (cache miss)
1586 http fetch GET 200 https://registry.npmjs.org/@react-spring/types/-/types-9.7.5.tgz 788ms (cache miss)
1587 http fetch GET 200 https://registry.npmjs.org/cross-env/-/cross-env-7.0.3.tgz 782ms (cache miss)
1588 http fetch GET 200 https://registry.npmjs.org/@types/react-reconciler/-/react-reconciler-0.26.7.tgz 800ms (cache miss)
1589 http fetch GET 200 https://registry.npmjs.org/@react-spring/rafz/-/rafz-9.7.5.tgz 808ms (cache miss)
1590 http fetch GET 200 https://registry.npmjs.org/camera-controls/-/camera-controls-2.10.1.tgz 875ms (cache miss)
1591 http fetch GET 200 https://registry.npmjs.org/@babel/traverse/-/traverse-7.28.6.tgz 901ms (cache miss)
1592 http fetch GET 200 https://registry.npmjs.org/@react-spring/shared/-/shared-9.7.5.tgz 902ms (cache miss)
1593 http fetch GET 200 https://registry.npmjs.org/@use-gesture/react/-/react-10.3.1.tgz 919ms (cache miss)
1594 http fetch GET 200 https://registry.npmjs.org/@vitejs/plugin-react/-/plugin-react-4.7.0.tgz 934ms (cache miss)
1595 http fetch GET 200 https://registry.npmjs.org/@react-spring/three/-/three-9.7.5.tgz 997ms (cache miss)
1596 http fetch GET 200 https://registry.npmjs.org/@react-spring/animated/-/animated-9.7.5.tgz 1013ms (cache miss)
1597 http fetch GET 200 https://registry.npmjs.org/detect-gpu/-/detect-gpu-5.0.70.tgz 1026ms (cache miss)
1598 http fetch GET 200 https://registry.npmjs.org/@types/stats.js/-/stats.js-0.17.4.tgz 1045ms (cache miss)
1599 http fetch GET 200 https://registry.npmjs.org/@types/react-dom/-/react-dom-18.3.7.tgz 1083ms (cache miss)
1600 http fetch GET 200 https://registry.npmjs.org/react/-/react-18.3.1.tgz 1107ms (cache miss)
1601 http fetch GET 200 https://registry.npmjs.org/@types/uuid/-/uuid-9.0.8.tgz 1113ms (cache miss)
1602 http fetch GET 200 https://registry.npmjs.org/scheduler/-/scheduler-0.23.2.tgz 1189ms (cache miss)
1603 http fetch GET 200 https://registry.npmjs.org/vite/-/vite-5.4.21.tgz 1263ms (cache miss)
1604 http fetch GET 200 https://registry.npmjs.org/@types/react-reconciler/-/react-reconciler-0.28.9.tgz 1271ms (cache miss)
1605 http fetch GET 200 https://registry.npmjs.org/@use-gesture/core/-/core-10.3.1.tgz 1313ms (cache miss)
1606 http fetch GET 200 https://registry.npmjs.org/three-mesh-bvh/-/three-mesh-bvh-0.7.8.tgz 1314ms (cache miss)
1607 warn deprecated three-mesh-bvh@0.7.8: Deprecated due to three.js version incompatibility. Please use v0.8.0, instead.
1608 http fetch GET 200 https://registry.npmjs.org/uuid/-/uuid-9.0.1.tgz 1319ms (cache miss)
1609 http fetch GET 200 https://registry.npmjs.org/@types/react/-/react-18.3.27.tgz 1361ms (cache miss)
1610 http fetch GET 200 https://registry.npmjs.org/@babel/core/-/core-7.28.6.tgz 1391ms (cache miss)
1611 http fetch GET 200 https://registry.npmjs.org/zustand/-/zustand-3.7.2.tgz 1390ms (cache miss)
1612 http fetch GET 200 https://registry.npmjs.org/zustand/-/zustand-5.0.10.tgz 1393ms (cache miss)
1613 http fetch GET 200 https://registry.npmjs.org/maath/-/maath-0.10.8.tgz 1411ms (cache miss)
1614 http fetch GET 200 https://registry.npmjs.org/@react-three/fiber/-/fiber-8.18.0.tgz 1427ms (cache miss)
1615 http fetch GET 200 https://registry.npmjs.org/react-dom/-/react-dom-18.3.1.tgz 1478ms (cache miss)
1616 http fetch GET 200 https://registry.npmjs.org/esbuild 1327ms (cache miss)
1617 silly packumentCache corgi:https://registry.npmjs.org/esbuild set size:undefined disposed:false
1618 silly packumentCache corgi:https://registry.npmjs.org/vite cache-miss
1619 http fetch GET 200 https://registry.npmjs.org/zustand/-/zustand-4.5.7.tgz 1559ms (cache miss)
1620 http fetch GET 200 https://registry.npmjs.org/@monogrid/gainmap-js/-/gainmap-js-3.4.0.tgz 1561ms (cache miss)
1621 http fetch GET 200 https://registry.npmjs.org/@react-spring/core/-/core-9.7.5.tgz 1571ms (cache miss)
1622 http fetch GET 200 https://registry.npmjs.org/@babel/types/-/types-7.28.6.tgz 1626ms (cache miss)
1623 http fetch GET 200 https://registry.npmjs.org/vite 200ms (cache miss)
1624 silly packumentCache corgi:https://registry.npmjs.org/vite set size:undefined disposed:false
1625 silly packumentCache corgi:https://registry.npmjs.org/@vitejs%2fplugin-react cache-miss
1626 http fetch GET 200 https://registry.npmjs.org/@babel/helpers/-/helpers-7.28.6.tgz 1836ms (cache miss)
1627 http fetch GET 200 https://registry.npmjs.org/@babel/runtime/-/runtime-7.28.6.tgz 1943ms (cache miss)
1628 http fetch GET 200 https://registry.npmjs.org/@vitejs%2fplugin-react 264ms (cache miss)
1629 silly packumentCache corgi:https://registry.npmjs.org/@vitejs%2fplugin-react set size:undefined disposed:false
1630 http fetch GET 200 https://registry.npmjs.org/typescript/-/typescript-5.9.3.tgz 2128ms (cache miss)
1631 http fetch GET 200 https://registry.npmjs.org/hls.js/-/hls.js-1.6.15.tgz 2230ms (cache miss)
1632 http fetch GET 200 https://registry.npmjs.org/@mediapipe/tasks-vision/-/tasks-vision-0.10.17.tgz 2282ms (cache miss)
1633 http fetch GET 200 https://registry.npmjs.org/framer-motion/-/framer-motion-11.18.2.tgz 2528ms (cache miss)
1634 http fetch GET 200 https://registry.npmjs.org/@react-three/drei/-/drei-9.122.0.tgz 2548ms (cache miss)
1635 http fetch GET 200 https://registry.npmjs.org/caniuse-lite/-/caniuse-lite-1.0.30001764.tgz 2885ms (cache miss)
1636 http fetch GET 200 https://registry.npmjs.org/@types/three/-/three-0.160.0.tgz 2915ms (cache miss)
1637 http fetch GET 200 https://registry.npmjs.org/three-stdlib/-/three-stdlib-2.36.1.tgz 3515ms (cache miss)
1638 http fetch GET 200 https://registry.npmjs.org/three/-/three-0.160.1.tgz 3641ms (cache miss)
1639 http fetch GET 200 https://registry.npmjs.org/three/-/three-0.170.0.tgz 3735ms (cache miss)
1640 info run esbuild@0.21.5 postinstall node_modules/esbuild node install.js
1641 info run esbuild@0.21.5 postinstall { code: 0, signal: null }
1642 silly ADD node_modules/use-sync-external-store
1643 silly ADD node_modules/isexe
1644 silly ADD node_modules/@types/estree
1645 silly ADD node_modules/@rollup/rollup-win32-x64-msvc
1646 silly ADD node_modules/@rollup/rollup-win32-x64-gnu
1647 silly ADD node_modules/source-map-js
1648 silly ADD node_modules/nanoid
1649 silly ADD node_modules/@esbuild/win32-x64
1650 silly ADD node_modules/rollup
1651 silly ADD node_modules/postcss
1652 silly ADD node_modules/esbuild
1653 silly ADD node_modules/escalade
1654 silly ADD node_modules/require-from-string
1655 silly ADD node_modules/webgl-sdf-generator
1656 silly ADD node_modules/troika-worker-utils
1657 silly ADD node_modules/troika-three-utils
1658 silly ADD node_modules/bidi-js
1659 silly ADD node_modules/potpack
1660 silly ADD node_modules/draco3d
1661 silly ADD node_modules/@types/offscreencanvas
1662 silly ADD node_modules/@types/draco3d
1663 silly ADD node_modules/shebang-regex
1664 silly ADD node_modules/react-is
1665 silly ADD node_modules/object-assign
1666 silly ADD node_modules/prop-types
1667 silly ADD node_modules/loose-envify
1668 silly ADD node_modules/immediate
1669 silly ADD node_modules/lie
1670 silly ADD node_modules/is-promise
1671 silly ADD node_modules/yallist
1672 silly ADD node_modules/tslib
1673 silly ADD node_modules/motion-utils
1674 silly ADD node_modules/motion-dom
1675 silly ADD node_modules/webgl-constants
1676 silly ADD node_modules/ms
1677 silly ADD node_modules/which
1678 silly ADD node_modules/shebang-command
1679 silly ADD node_modules/path-key
1680 silly ADD node_modules/cross-spawn
1681 silly ADD node_modules/ieee754
1682 silly ADD node_modules/update-browserslist-db
1683 silly ADD node_modules/node-releases
1684 silly ADD node_modules/electron-to-chromium
1685 silly ADD node_modules/caniuse-lite
1686 silly ADD node_modules/baseline-browser-mapping
1687 silly ADD node_modules/@types/babel__traverse
1688 silly ADD node_modules/@types/babel__template
1689 silly ADD node_modules/@types/babel__generator
1690 silly ADD node_modules/@jridgewell/resolve-uri
1691 silly ADD node_modules/@jridgewell/sourcemap-codec
1692 silly ADD node_modules/@babel/helper-string-parser
1693 silly ADD node_modules/@babel/helper-globals
1694 silly ADD node_modules/@babel/helper-plugin-utils
1695 silly ADD node_modules/@babel/helper-module-imports
1696 silly ADD node_modules/lru-cache
1697 silly ADD node_modules/browserslist
1698 silly ADD node_modules/@babel/helper-validator-option
1699 silly ADD node_modules/@babel/compat-data
1700 silly ADD node_modules/jsesc
1701 silly ADD node_modules/@jridgewell/trace-mapping
1702 silly ADD node_modules/@jridgewell/gen-mapping
1703 silly ADD node_modules/picocolors
1704 silly ADD node_modules/js-tokens
1705 silly ADD node_modules/@babel/helper-validator-identifier
1706 silly ADD node_modules/semver
1707 silly ADD node_modules/json5
1708 silly ADD node_modules/gensync
1709 silly ADD node_modules/debug
1710 silly ADD node_modules/convert-source-map
1711 silly ADD node_modules/@jridgewell/remapping
1712 silly ADD node_modules/@babel/types
1713 silly ADD node_modules/@babel/traverse
1714 silly ADD node_modules/@babel/template
1715 silly ADD node_modules/@babel/parser
1716 silly ADD node_modules/@babel/helpers
1717 silly ADD node_modules/@babel/helper-module-transforms
1718 silly ADD node_modules/@babel/helper-compilation-targets
1719 silly ADD node_modules/@babel/generator
1720 silly ADD node_modules/@babel/code-frame
1721 silly ADD node_modules/react-refresh
1722 silly ADD node_modules/@types/babel__core
1723 silly ADD node_modules/@rolldown/pluginutils
1724 silly ADD node_modules/@babel/plugin-transform-react-jsx-source
1725 silly ADD node_modules/@babel/plugin-transform-react-jsx-self
1726 silly ADD node_modules/@babel/core
1727 silly ADD node_modules/@use-gesture/core
1728 silly ADD node_modules/meshoptimizer
1729 silly ADD node_modules/fflate
1730 silly ADD node_modules/@types/stats.js
1731 silly ADD node_modules/csstype
1732 silly ADD node_modules/@types/prop-types
1733 silly ADD node_modules/scheduler
1734 silly ADD node_modules/react-use-measure
1735 silly ADD node_modules/react-reconciler
1736 silly ADD node_modules/its-fine
1737 silly ADD node_modules/its-fine/node_modules/@types/react-reconciler
1738 silly ADD node_modules/buffer
1739 silly ADD node_modules/base64-js
1740 silly ADD node_modules/@types/webxr
1741 silly ADD node_modules/@types/react-reconciler
1742 silly ADD node_modules/@react-spring/rafz
1743 silly ADD node_modules/@react-spring/types
1744 silly ADD node_modules/@react-spring/shared
1745 silly ADD node_modules/@react-spring/core
1746 silly ADD node_modules/@react-spring/animated
1747 silly ADD node_modules/promise-worker-transferable
1748 silly ADD node_modules/utility-types
1749 silly ADD node_modules/tunnel-rat
1750 silly ADD node_modules/troika-three-text
1751 silly ADD node_modules/three-stdlib
1752 silly ADD node_modules/three-mesh-bvh
1753 silly ADD node_modules/suspend-react
1754 silly ADD node_modules/stats.js
1755 silly ADD node_modules/stats-gl
1756 silly ADD node_modules/stats-gl/node_modules/three
1757 silly ADD node_modules/react-composer
1758 silly ADD node_modules/meshline
1759 silly ADD node_modules/maath
1760 silly ADD node_modules/hls.js
1761 silly ADD node_modules/glsl-noise
1762 silly ADD node_modules/detect-gpu
1763 silly ADD node_modules/cross-env
1764 silly ADD node_modules/camera-controls
1765 silly ADD node_modules/@use-gesture/react
1766 silly ADD node_modules/@react-spring/three
1767 silly ADD node_modules/@monogrid/gainmap-js
1768 silly ADD node_modules/@mediapipe/tasks-vision
1769 silly ADD node_modules/@babel/runtime
1770 silly ADD node_modules/zustand
1771 silly ADD node_modules/uuid
1772 silly ADD node_modules/typescript
1773 silly ADD node_modules/react-dom
1774 silly ADD node_modules/react-dom/node_modules/scheduler
1775 silly ADD node_modules/framer-motion
1776 silly ADD node_modules/vite
1777 silly ADD node_modules/@vitejs/plugin-react
1778 silly ADD node_modules/@types/uuid
1779 silly ADD node_modules/@types/three
1780 silly ADD node_modules/@types/react-dom
1781 silly ADD node_modules/@types/react
1782 silly ADD node_modules/@react-three/fiber
1783 silly ADD node_modules/@react-three/fiber/node_modules/zustand
1784 silly ADD node_modules/three
1785 silly ADD node_modules/react
1786 silly ADD node_modules/@react-three/drei
1787 silly ADD node_modules/@react-three/drei/node_modules/zustand
1788 verbose cwd C:\Users\po51oro\Documents\GitHub\Fox-Heaven\fox heaven.v2
1789 verbose os Windows_NT 10.0.19045
1790 verbose node v24.11.1
1791 verbose npm  v11.6.2
1792 notice
1792 notice New [33mminor[39m version of npm available! [33m11.6.2[39m -> [34m11.7.0[39m
1792 notice Changelog: [34mhttps://github.com/npm/cli/releases/tag/v11.7.0[39m
1792 notice To update run: [4mnpm install -g npm@11.7.0[24m
1792 notice  { force: true, Symbol(proc-log.meta): true }
1793 verbose exit 0
1794 info ok
